0|1|10.8432866666667|106.614856666667|10.8431133333333|106.614935|5 QL22, Trung Mỹ Tây, Quận 12, Hồ Chí Minh, Vietnam|5 QL22, Trung Mỹ Tây, Quận 12, Hồ Chí Minh, Vietnam|21|21 m|10000|10
1|2|10.8431133333333|106.614935|10.8431133333333|106.614935|5 QL22, Trung Mỹ Tây, Quận 12, Hồ Chí Minh, Vietnam|5 QL22, Trung Mỹ Tây, Quận 12, Hồ Chí Minh, Vietnam|0|1 m|20000|20
2|3|10.8431133333333|106.614935|10.8429666666667|106.615011666667|5 QL22, Trung Mỹ Tây, Quận 12, Hồ Chí Minh, Vietnam|5 QL22, Trung Mỹ Tây, Quận 12, Hồ Chí Minh, Vietnam|18|18 m|20000|20
3|4|10.8429666666667|106.615011666667|10.8426366666667|106.615081666667|5 QL22, Trung Mỹ Tây, Quận 12, Hồ Chí Minh, Vietnam|10 QL1A, Tân Thới Nhất, Quận 12, Hồ Chí Minh, Vietnam|39|39 m|11000|11
4|5|10.8426366666667|106.615081666667|10.8441933333333|106.61448|10 QL1A, Tân Thới Nhất, Quận 12, Hồ Chí Minh, Vietnam|11B QL22, Trung Mỹ Tây, Quận 12, Hồ Chí Minh, Vietnam|340|0.3 km|136000|02:16
5|6|10.8441933333333|106.61448|10.8447666666667|106.614111666667|11B QL22, Trung Mỹ Tây, Quận 12, Hồ Chí Minh, Vietnam|3 Xuyên Á, Trung Mỹ Tây, Quận 12, Hồ Chí Minh, Vietnam|75|75 m|20000|20
6|7|10.8447666666667|106.614111666667|10.8455266666667|106.613631666667|3 Xuyên Á, Trung Mỹ Tây, Quận 12, Hồ Chí Minh, Vietnam|5A QL22, Trung Mỹ Tây, Quận 12, Hồ Chí Minh, Vietnam|99|0.1 km|20000|20
7|8|10.8455266666667|106.613631666667|10.8460633333333|106.613308333333|5A QL22, Trung Mỹ Tây, Quận 12, Hồ Chí Minh, Vietnam|3 Xuyên Á, Trung Mỹ Tây, Quận 12, Hồ Chí Minh, Vietnam|69|69 m|20000|20
8|9|10.8460633333333|106.613308333333|10.8460633333333|106.613308333333|3 Xuyên Á, Trung Mỹ Tây, Quận 12, Hồ Chí Minh, Vietnam|3 Xuyên Á, Trung Mỹ Tây, Quận 12, Hồ Chí Minh, Vietnam|0|1 m|10000|10
9|10|10.8460633333333|106.613308333333|10.8471983333333|106.612548333333|3 Xuyên Á, Trung Mỹ Tây, Quận 12, Hồ Chí Minh, Vietnam|3 Xuyên Á, Trung Mỹ Tây, Quận 12, Hồ Chí Minh, Vietnam|151|0.2 km|93000|01:33
10|11|10.8471983333333|106.612548333333|10.84736|106.612433333333|3 Xuyên Á, Trung Mỹ Tây, Quận 12, Hồ Chí Minh, Vietnam|33 A Tổ 49 Khu Phố 4, Trung Mỹ Tây, Quận 12, Hồ Chí Minh, Vietnam|22|22 m|16000|16
11|12|10.84736|106.612433333333|10.8482933333333|106.611831666667|33 A Tổ 49 Khu Phố 4, Trung Mỹ Tây, Quận 12, Hồ Chí Minh, Vietnam|17-20 A Tổ 49 Khu Phố 4, Trung Mỹ Tây, Quận 12, Hồ Chí Minh, Vietnam|123|0.1 km|20000|20
12|13|10.8482933333333|106.611831666667|10.8495916666667|106.61096|166 QL22, Trung Mỹ Tây, Quận 12, Hồ Chí Minh, Vietnam|Xuyên Á, Trung Mỹ Tây, Quận 12, Hồ Chí Minh, Vietnam|173|0.2 km|20000|20
13|14|10.8495916666667|106.61096|10.8514666666667|106.609736666667|Xuyên Á, Trung Mỹ Tây, Quận 12, Hồ Chí Minh, Vietnam|15D Xuyên Á, Trung Mỹ Tây, Quận 12, Hồ Chí Minh, Vietnam|248|0.2 km|20000|20
14|15|10.8514666666667|106.609736666667|10.853555|106.608395|15D Xuyên Á, Trung Mỹ Tây, Quận 12, Hồ Chí Minh, Vietnam|194D QL22, Trung Mỹ Tây, Quận 12, Hồ Chí Minh, Vietnam|275|0.3 km|20000|20
15|16|10.853555|106.608395|10.8549883333333|106.607496666667|194D QL22, Trung Mỹ Tây, Quận 12, Hồ Chí Minh, Vietnam|193D QL22, Trung Mỹ Tây, Quận 12, Hồ Chí Minh, Vietnam|187|0.2 km|20000|20
16|17|10.8549883333333|106.607496666667|10.8551416666667|106.607398333333|193D QL22, Trung Mỹ Tây, Quận 12, Hồ Chí Minh, Vietnam|193D QL22, Trung Mỹ Tây, Quận 12, Hồ Chí Minh, Vietnam|20|20 m|10000|10
17|18|10.8551416666667|106.607398333333|10.855145|106.607391666667|193D QL22, Trung Mỹ Tây, Quận 12, Hồ Chí Minh, Vietnam|193D QL22, Trung Mỹ Tây, Quận 12, Hồ Chí Minh, Vietnam|1|1 m|40000|40
18|19|10.855145|106.607391666667|10.85526|106.607311666667|193D QL22, Trung Mỹ Tây, Quận 12, Hồ Chí Minh, Vietnam|193D QL22, Trung Mỹ Tây, Quận 12, Hồ Chí Minh, Vietnam|15|15 m|20000|20
19|20|10.85526|106.607311666667|10.8552883333333|106.607291666667|193D QL22, Trung Mỹ Tây, Quận 12, Hồ Chí Minh, Vietnam|193D QL22, Trung Mỹ Tây, Quận 12, Hồ Chí Minh, Vietnam|4|4 m|1000|01
20|21|10.8552883333333|106.607291666667|10.8564383333333|106.606526666667|193D QL22, Trung Mỹ Tây, Quận 12, Hồ Chí Minh, Vietnam|Xuyên Á, Tân Xuân, Hóc Môn, Hồ Chí Minh, Vietnam|153|0.2 km|20000|20
21|22|10.8564383333333|106.606526666667|10.85834|106.605203333333|Xuyên Á, Tân Xuân, Hóc Môn, Hồ Chí Minh, Vietnam|Xuyên Á, Tân Xuân, Hóc Môn, Hồ Chí Minh, Vietnam|256|0.3 km|20000|20
22|23|10.85834|106.605203333333|10.8604533333333|106.603696666667|Xuyên Á, Tân Xuân, Hóc Môn, Hồ Chí Minh, Vietnam|37/3 QL22, Trung Chánh, Xuân Thới Đông, Hóc Môn, Hồ Chí Minh, Vietnam|287|0.3 km|20000|20
23|24|10.8604533333333|106.603696666667|10.86125|106.603161666667|37/3 QL22, Trung Chánh, Xuân Thới Đông, Hóc Môn, Hồ Chí Minh, Vietnam|37/3 QL22, Trung Chánh, Xuân Thới Đông, Hóc Môn, Hồ Chí Minh, Vietnam|106|0.1 km|15000|15
24|25|10.86125|106.603161666667|10.8614133333333|106.603015|37/3 QL22, Trung Chánh, Xuân Thới Đông, Hóc Môn, Hồ Chí Minh, Vietnam|37/3 QL22, Trung Chánh, Xuân Thới Đông, Hóc Môn, Hồ Chí Minh, Vietnam|24|24 m|20000|20
25|26|10.8614133333333|106.603015|10.86199|106.602671666667|37/3 QL22, Trung Chánh, Xuân Thới Đông, Hóc Môn, Hồ Chí Minh, Vietnam|37/3 QL22, Trung Chánh, Xuân Thới Đông, Hóc Môn, Hồ Chí Minh, Vietnam|74|74 m|19000|19
26|27|10.86199|106.602671666667|10.862095|106.602605|37/3 QL22, Trung Chánh, Xuân Thới Đông, Hóc Môn, Hồ Chí Minh, Vietnam|Xuyên Á, Tân Xuân, Hóc Môn, Hồ Chí Minh, Vietnam|14|14 m|5000|05
27|28|10.862095|106.602605|10.8632|106.601768333333|Xuyên Á, Tân Xuân, Hóc Môn, Hồ Chí Minh, Vietnam|Xuyên Á, Tân Xuân, Hóc Môn, Hồ Chí Minh, Vietnam|153|0.2 km|20000|20
28|29|10.8632|106.601768333333|10.8650916666667|106.600428333333|Xuyên Á, Tân Xuân, Hóc Môn, Hồ Chí Minh, Vietnam|Xuyên Á, Tân Xuân, Hóc Môn, Hồ Chí Minh, Vietnam|256|0.3 km|20000|20
29|30|10.8650916666667|106.600428333333|10.8669583333333|106.599071666667|Xuyên Á, Tân Xuân, Hóc Môn, Hồ Chí Minh, Vietnam|73/3C QL22, Xuân Thới Đông, Hóc Môn, Hồ Chí Minh, Vietnam|255|0.3 km|20000|20
30|31|10.8669583333333|106.599071666667|10.86841|106.598041666667|73/3C QL22, Xuân Thới Đông, Hóc Môn, Hồ Chí Minh, Vietnam|73/3C QL22, Xuân Thới Đông, Hóc Môn, Hồ Chí Minh, Vietnam|197|0.2 km|20000|20
31|32|10.86841|106.598041666667|10.86979|106.597096666667|73/3C QL22, Xuân Thới Đông, Hóc Môn, Hồ Chí Minh, Vietnam|1/6 QL22, Tân Xuân, Hóc Môn, Hồ Chí Minh, Vietnam|185|0.2 km|20000|20
32|33|10.86979|106.597096666667|10.8700283333333|106.596958333333|1/6 QL22, Tân Xuân, Hóc Môn, Hồ Chí Minh, Vietnam|1/1 QL22, Tân Xuân, Hóc Môn, Hồ Chí Minh, Vietnam|30|30 m|10000|10
33|34|10.8700283333333|106.596958333333|10.8700283333333|106.596958333333|1/1 QL22, Tân Xuân, Hóc Môn, Hồ Chí Minh, Vietnam|1/1 QL22, Tân Xuân, Hóc Môn, Hồ Chí Minh, Vietnam|0|1 m|20000|20
34|35|10.8700283333333|106.596958333333|10.870395|106.596655|1/1 QL22, Tân Xuân, Hóc Môn, Hồ Chí Minh, Vietnam|3 Xuyên Á, Tân Xuân, Hóc Môn, Hồ Chí Minh, Vietnam|54|54 m|5000|05
35|36|10.870395|106.596655|10.8715283333333|106.595835|3 Xuyên Á, Tân Xuân, Hóc Môn, Hồ Chí Minh, Vietnam|3 Xuyên Á, Tân Xuân, Hóc Môn, Hồ Chí Minh, Vietnam|153|0.2 km|20000|20
36|37|10.8715283333333|106.595835|10.8733033333333|106.594565|3 Xuyên Á, Tân Xuân, Hóc Môn, Hồ Chí Minh, Vietnam|3 Xuyên Á, Tân Xuân, Hóc Môn, Hồ Chí Minh, Vietnam|241|0.2 km|20000|20
37|38|10.8733033333333|106.594565|10.8752966666667|106.59318|3 Xuyên Á, Tân Xuân, Hóc Môn, Hồ Chí Minh, Vietnam|3 Xuyên Á, Tân Xuân, Hóc Môn, Hồ Chí Minh, Vietnam|268|0.3 km|20000|20
38|39|10.8752966666667|106.59318|10.8774216666667|106.591688333333|3 Xuyên Á, Tân Xuân, Hóc Môn, Hồ Chí Minh, Vietnam|27 QL22, Xuân Thới Đông, Hóc Môn, Hồ Chí Minh, Vietnam|287|0.3 km|20000|20
39|40|10.8774216666667|106.591688333333|10.8776216666667|106.591546666667|27 QL22, Xuân Thới Đông, Hóc Môn, Hồ Chí Minh, Vietnam|27 QL22, Xuân Thới Đông, Hóc Môn, Hồ Chí Minh, Vietnam|27|27 m|40000|40
40|41|10.8776216666667|106.591546666667|10.87772|106.591466666667|27 QL22, Xuân Thới Đông, Hóc Môn, Hồ Chí Minh, Vietnam|27 QL22, Xuân Thới Đông, Hóc Môn, Hồ Chí Minh, Vietnam|14|14 m|4000|04
41|42|10.87772|106.591466666667|10.8790966666667|106.590473333333|27 QL22, Xuân Thới Đông, Hóc Môn, Hồ Chí Minh, Vietnam|27 QL22, Xuân Thới Đông, Hóc Môn, Hồ Chí Minh, Vietnam|188|0.2 km|20000|20
42|43|10.8790966666667|106.590473333333|10.8814233333333|106.588811666667|27 QL22, Xuân Thới Đông, Hóc Môn, Hồ Chí Minh, Vietnam|27 QL22, Xuân Thới Đông, Hóc Môn, Hồ Chí Minh, Vietnam|316|0.3 km|20000|20
43|44|10.8814233333333|106.588811666667|10.8835016666667|106.587395|27 QL22, Xuân Thới Đông, Hóc Môn, Hồ Chí Minh, Vietnam|88/1B QL22, Hóc Môn, Hồ Chí Minh, Vietnam|278|0.3 km|20000|20
44|45|10.8835016666667|106.587395|10.88372|106.587246666667|88/1B QL22, Hóc Môn, Hồ Chí Minh, Vietnam|88/1B QL22, Hóc Môn, Hồ Chí Minh, Vietnam|29|29 m|12000|12
45|46|10.88372|106.587246666667|10.88372|106.587246666667|88/1B QL22, Hóc Môn, Hồ Chí Minh, Vietnam|88/1B QL22, Hóc Môn, Hồ Chí Minh, Vietnam|0|1 m|20000|20
46|47|10.88372|106.587246666667|10.8838016666667|106.587173333333|88/1B QL22, Hóc Môn, Hồ Chí Minh, Vietnam|88/1B QL22, Hóc Môn, Hồ Chí Minh, Vietnam|12|12 m|8000|08
47|48|10.8838016666667|106.587173333333|10.8844033333333|106.586825|88/1B QL22, Hóc Môn, Hồ Chí Minh, Vietnam|88/1B QL22, Hóc Môn, Hồ Chí Minh, Vietnam|77|77 m|17000|17
48|49|10.8844033333333|106.586825|10.884495|106.586728333333|88/1B QL22, Hóc Môn, Hồ Chí Minh, Vietnam|88/1B QL22, Hóc Môn, Hồ Chí Minh, Vietnam|14|14 m|8000|08
49|50|10.884495|106.586728333333|10.8858|106.585781666667|88/1B QL22, Hóc Môn, Hồ Chí Minh, Vietnam|88/1B QL22, Hóc Môn, Hồ Chí Minh, Vietnam|178|0.2 km|20000|20
50|51|10.8858|106.585781666667|10.8880216666667|106.584221666667|88/1B QL22, Hóc Môn, Hồ Chí Minh, Vietnam|88/1B QL22, Hóc Môn, Hồ Chí Minh, Vietnam|300|0.3 km|20000|20
51|52|10.8880216666667|106.584221666667|10.89056|106.582415|88/1B QL22, Hóc Môn, Hồ Chí Minh, Vietnam|88/1B QL22, Hóc Môn, Hồ Chí Minh, Vietnam|344|0.3 km|20000|20
52|53|10.89056|106.582415|10.89242|106.581131666667|88/1B QL22, Hóc Môn, Hồ Chí Minh, Vietnam|88/1B QL22, Hóc Môn, Hồ Chí Minh, Vietnam|250|0.2 km|20000|20
53|54|10.89242|106.581131666667|10.8943233333333|106.579803333333|88/1B QL22, Hóc Môn, Hồ Chí Minh, Vietnam|Xuyên Á, Thống Nhất 1, Tân Thới Nhì, Hóc Môn, Hồ Chí Minh, Vietnam|257|0.3 km|20000|20
54|55|10.8943233333333|106.579803333333|10.8956516666667|106.578935|Xuyên Á, Thống Nhất 1, Tân Thới Nhì, Hóc Môn, Hồ Chí Minh, Vietnam|Xuyên Á, Thống Nhất 1, Tân Thới Nhì, Hóc Môn, Hồ Chí Minh, Vietnam|175|0.2 km|19000|19
55|56|10.8956516666667|106.578935|10.8957233333333|106.57887|Xuyên Á, Thống Nhất 1, Tân Thới Nhì, Hóc Môn, Hồ Chí Minh, Vietnam|Xuyên Á, Thống Nhất 1, Tân Thới Nhì, Hóc Môn, Hồ Chí Minh, Vietnam|12|12 m|7000|07
56|57|10.8957233333333|106.57887|10.8969966666667|106.577983333333|Xuyên Á, Thống Nhất 1, Tân Thới Nhì, Hóc Môn, Hồ Chí Minh, Vietnam|Xuyên Á, Thống Nhất 1, Tân Thới Nhì, Hóc Môn, Hồ Chí Minh, Vietnam|172|0.2 km|20000|20
57|58|10.8969966666667|106.577983333333|10.899215|106.57641|Xuyên Á, Thống Nhất 1, Tân Thới Nhì, Hóc Môn, Hồ Chí Minh, Vietnam|Xuyên Á, Thống Nhất 1, Tân Thới Nhì, Hóc Môn, Hồ Chí Minh, Vietnam|301|0.3 km|20000|20
58|59|10.899215|106.57641|10.8997433333333|106.576053333333|Xuyên Á, Thống Nhất 1, Tân Thới Nhì, Hóc Môn, Hồ Chí Minh, Vietnam|Xuyên Á, Thống Nhất 1, Tân Thới Nhì, Hóc Môn, Hồ Chí Minh, Vietnam|70|70 m|7000|07
59|60|10.8997433333333|106.576053333333|10.8997933333333|106.576026666667|Xuyên Á, Thống Nhất 1, Tân Thới Nhì, Hóc Môn, Hồ Chí Minh, Vietnam|Xuyên Á, Thống Nhất 1, Tân Thới Nhì, Hóc Môn, Hồ Chí Minh, Vietnam|6|6 m|1000|01
60|61|10.8997933333333|106.576026666667|10.89988|106.575978333333|Xuyên Á, Thống Nhất 1, Tân Thới Nhì, Hóc Môn, Hồ Chí Minh, Vietnam|Xuyên Á, Thống Nhất 1, Tân Thới Nhì, Hóc Môn, Hồ Chí Minh, Vietnam|11|11 m|5000|05
61|62|10.89988|106.575978333333|10.8999933333333|106.575906666667|Xuyên Á, Thống Nhất 1, Tân Thới Nhì, Hóc Môn, Hồ Chí Minh, Vietnam|Xuyên Á, Thống Nhất 1, Tân Thới Nhì, Hóc Môn, Hồ Chí Minh, Vietnam|15|15 m|14000|14
62|63|10.8999933333333|106.575906666667|10.90134|106.57492|Xuyên Á, Thống Nhất 1, Tân Thới Nhì, Hóc Môn, Hồ Chí Minh, Vietnam|Xuyên Á, Tân Hiệp, Hóc Môn, Hồ Chí Minh, Vietnam|184|0.2 km|20000|20
63|64|10.90134|106.57492|10.9036633333333|106.573225|Xuyên Á, Tân Hiệp, Hóc Môn, Hồ Chí Minh, Vietnam|Xuyên Á, Tân Thới 3, Tân Hiệp, Hóc Môn, Hồ Chí Minh, Vietnam|318|0.3 km|20000|20
64|65|10.9036633333333|106.573225|10.9061816666667|106.571433333333|Xuyên Á, Tân Thới 3, Tân Hiệp, Hóc Môn, Hồ Chí Minh, Vietnam|Xuyên Á, Tân Thới Nhì, Hóc Môn, Hồ Chí Minh, Vietnam|1750|1.8 km|20000|20
65|66|10.9061816666667|106.571433333333|10.9085466666667|106.569783333333|Xuyên Á, Tân Thới Nhì, Hóc Môn, Hồ Chí Minh, Vietnam|Xuyên Á, Tân Thới Nhì, Hóc Môn, Hồ Chí Minh, Vietnam|2716|2.7 km|20000|20
66|67|10.9085466666667|106.569783333333|10.91061|106.568366666667|Xuyên Á, Tân Thới Nhì, Hóc Môn, Hồ Chí Minh, Vietnam|Xuyên Á, Tân Thới 3, Tân Hiệp, Hóc Môn, Hồ Chí Minh, Vietnam|2541|2.5 km|20000|20
67|68|10.91061|106.568366666667|10.9123233333333|106.567171666667|Xuyên Á, Tân Thới 3, Tân Hiệp, Hóc Môn, Hồ Chí Minh, Vietnam|Xuyên Á, Tân Hiệp, Hóc Môn, Hồ Chí Minh, Vietnam|231|0.2 km|20000|20
68|69|10.9123233333333|106.567171666667|10.91451|106.565626666667|Xuyên Á, Tân Hiệp, Hóc Môn, Hồ Chí Minh, Vietnam|Xuyên Á, Tân Hiệp, Hóc Môn, Hồ Chí Minh, Vietnam|296|0.3 km|20000|20
69|70|10.91451|106.565626666667|10.9164166666667|106.564288333333|Xuyên Á, Tân Hiệp, Hóc Môn, Hồ Chí Minh, Vietnam|Xuyên Á, Tân Thới 3, Tân Hiệp, Hóc Môn, Hồ Chí Minh, Vietnam|258|0.3 km|20000|20
70|71|10.9164166666667|106.564288333333|10.9181633333333|106.563061666667|Xuyên Á, Tân Thới 3, Tân Hiệp, Hóc Môn, Hồ Chí Minh, Vietnam|Cầu An Hạ, Củ Chi, Hồ Chí Minh, Vietnam|1439|1.4 km|20000|20
71|72|10.9181633333333|106.563061666667|10.9199183333333|106.561858333333|Cầu An Hạ, Củ Chi, Hồ Chí Minh, Vietnam|Xuyên Á, ấp Chợ, Tân Phú Trung, Củ Chi, Hồ Chí Minh, Vietnam|2078|2.1 km|20000|20
72|73|10.9199183333333|106.561858333333|10.9221383333333|106.560303333333|Xuyên Á, ấp Chợ, Tân Phú Trung, Củ Chi, Hồ Chí Minh, Vietnam|Xuyên Á, ấp Chợ, Tân Phú Trung, Củ Chi, Hồ Chí Minh, Vietnam|300|0.3 km|20000|20
73|74|10.9221383333333|106.560303333333|10.9237716666667|106.55918|Xuyên Á, ấp Chợ, Tân Phú Trung, Củ Chi, Hồ Chí Minh, Vietnam|Xuyên Á, ấp Chợ, Tân Phú Trung, Củ Chi, Hồ Chí Minh, Vietnam|219|0.2 km|20000|20
74|75|10.9237716666667|106.55918|10.9256633333333|106.557873333333|Xuyên Á, ấp Chợ, Tân Phú Trung, Củ Chi, Hồ Chí Minh, Vietnam|59 QL22, Tân Phú Trung, Củ Chi, Hồ Chí Minh, Vietnam|254|0.3 km|20000|20
75|76|10.9256633333333|106.557873333333|10.9267333333333|106.557153333333|59 QL22, Tân Phú Trung, Củ Chi, Hồ Chí Minh, Vietnam|59 QL22, Tân Phú Trung, Củ Chi, Hồ Chí Minh, Vietnam|143|0.1 km|20000|20
76|77|10.9267333333333|106.557153333333|10.9267333333333|106.557153333333|59 QL22, Tân Phú Trung, Củ Chi, Hồ Chí Minh, Vietnam|59 QL22, Tân Phú Trung, Củ Chi, Hồ Chí Minh, Vietnam|0|1 m|2000|02
77|78|10.9267333333333|106.557153333333|10.9268333333333|106.557083333333|59 QL22, Tân Phú Trung, Củ Chi, Hồ Chí Minh, Vietnam|59 QL22, Tân Phú Trung, Củ Chi, Hồ Chí Minh, Vietnam|13|13 m|8000|08
78|79|10.9268333333333|106.557083333333|10.92707|106.556901666667|59 QL22, Tân Phú Trung, Củ Chi, Hồ Chí Minh, Vietnam|59 QL22, Tân Phú Trung, Củ Chi, Hồ Chí Minh, Vietnam|33|33 m|7000|07
79|80|10.92707|106.556901666667|10.92735|106.556743333333|59 QL22, Tân Phú Trung, Củ Chi, Hồ Chí Minh, Vietnam|59 QL22, Tân Phú Trung, Củ Chi, Hồ Chí Minh, Vietnam|35|35 m|12000|12
80|81|10.92735|106.556743333333|10.9274716666667|106.556663333333|59 QL22, Tân Phú Trung, Củ Chi, Hồ Chí Minh, Vietnam|59 QL22, Tân Phú Trung, Củ Chi, Hồ Chí Minh, Vietnam|16|16 m|16000|16
81|82|10.9274716666667|106.556663333333|10.9285816666667|106.555833333333|59 QL22, Tân Phú Trung, Củ Chi, Hồ Chí Minh, Vietnam|59 QL22, Tân Phú Trung, Củ Chi, Hồ Chí Minh, Vietnam|153|0.2 km|20000|20
82|83|10.9285816666667|106.555833333333|10.930215|106.554596666667|59 QL22, Tân Phú Trung, Củ Chi, Hồ Chí Minh, Vietnam|59 QL22, Tân Phú Trung, Củ Chi, Hồ Chí Minh, Vietnam|226|0.2 km|20000|20
83|84|10.930215|106.554596666667|10.931195|106.553665|59 QL22, Tân Phú Trung, Củ Chi, Hồ Chí Minh, Vietnam|59 QL22, Tân Phú Trung, Củ Chi, Hồ Chí Minh, Vietnam|149|0.1 km|20000|20
84|85|10.931195|106.553665|10.932395|106.552545|59 QL22, Tân Phú Trung, Củ Chi, Hồ Chí Minh, Vietnam|59 QL22, Tân Phú Trung, Củ Chi, Hồ Chí Minh, Vietnam|181|0.2 km|20000|20
85|86|10.932395|106.552545|10.93377|106.551236666667|59 QL22, Tân Phú Trung, Củ Chi, Hồ Chí Minh, Vietnam|59 QL22, Tân Phú Trung, Củ Chi, Hồ Chí Minh, Vietnam|210|0.2 km|20000|20
86|87|10.93377|106.551236666667|10.9343383333333|106.550465|59 QL22, Tân Phú Trung, Củ Chi, Hồ Chí Minh, Vietnam|59 QL22, Tân Phú Trung, Củ Chi, Hồ Chí Minh, Vietnam|106|0.1 km|20000|20
87|88|10.9343383333333|106.550465|10.9343833333333|106.550373333333|59 QL22, Tân Phú Trung, Củ Chi, Hồ Chí Minh, Vietnam|59 QL22, Tân Phú Trung, Củ Chi, Hồ Chí Minh, Vietnam|12|12 m|11000|11
88|89|10.9343833333333|106.550373333333|10.9343833333333|106.550373333333|59 QL22, Tân Phú Trung, Củ Chi, Hồ Chí Minh, Vietnam|59 QL22, Tân Phú Trung, Củ Chi, Hồ Chí Minh, Vietnam|0|1 m|20000|20
89|90|10.9343833333333|106.550373333333|10.9344683333333|106.550256666667|59 QL22, Tân Phú Trung, Củ Chi, Hồ Chí Minh, Vietnam|59 QL22, Tân Phú Trung, Củ Chi, Hồ Chí Minh, Vietnam|16|16 m|1000|01
90|91|10.9344683333333|106.550256666667|10.93486|106.549503333333|59 QL22, Tân Phú Trung, Củ Chi, Hồ Chí Minh, Vietnam|59 QL22, Tân Phú Trung, Củ Chi, Hồ Chí Minh, Vietnam|94|94 m|20000|20
91|92|10.93486|106.549503333333|10.9354183333333|106.54836|59 QL22, Tân Phú Trung, Củ Chi, Hồ Chí Minh, Vietnam|59 QL22, Tân Phú Trung, Củ Chi, Hồ Chí Minh, Vietnam|139|0.1 km|20000|20
92|93|10.9354183333333|106.54836|10.9361066666667|106.54694|59 QL22, Tân Phú Trung, Củ Chi, Hồ Chí Minh, Vietnam|59 QL22, Tân Phú Trung, Củ Chi, Hồ Chí Minh, Vietnam|173|0.2 km|20000|20
93|94|10.9361066666667|106.54694|10.9368433333333|106.54542|59 QL22, Tân Phú Trung, Củ Chi, Hồ Chí Minh, Vietnam|280 Xuyên Á, Tân Phú Trung, Củ Chi, Hồ Chí Minh, Vietnam|185|0.2 km|20000|20
94|95|10.9368433333333|106.54542|10.9378183333333|106.543456666667|280 Xuyên Á, Tân Phú Trung, Củ Chi, Hồ Chí Minh, Vietnam|280 Xuyên Á, Tân Phú Trung, Củ Chi, Hồ Chí Minh, Vietnam|240|0.2 km|20000|20
95|96|10.9378183333333|106.543456666667|10.9385083333333|106.542038333333|280 Xuyên Á, Tân Phú Trung, Củ Chi, Hồ Chí Minh, Vietnam|280 Xuyên Á, Tân Phú Trung, Củ Chi, Hồ Chí Minh, Vietnam|173|0.2 km|20000|20
96|97|10.9385083333333|106.542038333333|10.9390533333333|106.540935|280 Xuyên Á, Tân Phú Trung, Củ Chi, Hồ Chí Minh, Vietnam|280 Xuyên Á, Tân Phú Trung, Củ Chi, Hồ Chí Minh, Vietnam|135|0.1 km|20000|20
97|98|10.9390533333333|106.540935|10.9395133333333|106.540086666667|280 Xuyên Á, Tân Phú Trung, Củ Chi, Hồ Chí Minh, Vietnam|280 Xuyên Á, Tân Phú Trung, Củ Chi, Hồ Chí Minh, Vietnam|106|0.1 km|20000|20
98|99|10.9395133333333|106.540086666667|10.9395133333333|106.540086666667|280 Xuyên Á, Tân Phú Trung, Củ Chi, Hồ Chí Minh, Vietnam|280 Xuyên Á, Tân Phú Trung, Củ Chi, Hồ Chí Minh, Vietnam|0|1 m|1000|01
99|100|10.9395133333333|106.540086666667|10.9395483333333|106.539968333333|280 Xuyên Á, Tân Phú Trung, Củ Chi, Hồ Chí Minh, Vietnam|280 Xuyên Á, Tân Phú Trung, Củ Chi, Hồ Chí Minh, Vietnam|13|13 m|13000|13
100|101|10.9395483333333|106.539968333333|10.9401833333333|106.538596666667|280 Xuyên Á, Tân Phú Trung, Củ Chi, Hồ Chí Minh, Vietnam|Xuyên Á, Tân Phú Trung, Củ Chi, Hồ Chí Minh, Vietnam|162|0.2 km|20000|20
101|102|10.9401833333333|106.538596666667|10.9411616666667|106.536588333333|Xuyên Á, Tân Phú Trung, Củ Chi, Hồ Chí Minh, Vietnam|Xuyên Á, Tân Phú Trung, Củ Chi, Hồ Chí Minh, Vietnam|245|0.2 km|20000|20
102|103|10.9411616666667|106.536588333333|10.941335|106.536278333333|Xuyên Á, Tân Phú Trung, Củ Chi, Hồ Chí Minh, Vietnam|Xuyên Á, Tân Phú Trung, Củ Chi, Hồ Chí Minh, Vietnam|39|39 m|8000|08
103|104|10.941335|106.536278333333|10.94136|106.536211666667|Xuyên Á, Tân Phú Trung, Củ Chi, Hồ Chí Minh, Vietnam|Xuyên Á, Tân Phú Trung, Củ Chi, Hồ Chí Minh, Vietnam|8|8 m|7000|07
104|105|10.94136|106.536211666667|10.9420416666667|106.534761666667|Xuyên Á, Tân Phú Trung, Củ Chi, Hồ Chí Minh, Vietnam|Xuyên Á, Tân Phú Trung, Củ Chi, Hồ Chí Minh, Vietnam|176|0.2 km|21000|21
105|106|10.9420416666667|106.534761666667|10.94316|106.532436666667|Xuyên Á, Tân Phú Trung, Củ Chi, Hồ Chí Minh, Vietnam|Xuyên Á, Tân Phú Trung, Củ Chi, Hồ Chí Minh, Vietnam|283|0.3 km|20000|20
106|107|10.94316|106.532436666667|10.9441933333333|106.53026|Xuyên Á, Tân Phú Trung, Củ Chi, Hồ Chí Minh, Vietnam|Xuyên Á, Củ Chi, Hồ Chí Minh, Vietnam|264|0.3 km|20000|20
107|108|10.9441933333333|106.53026|10.9453883333333|106.52777|Xuyên Á, Củ Chi, Hồ Chí Minh, Vietnam|Xuyên Á, Tân Thông Hội, Củ Chi, Hồ Chí Minh, Vietnam|303|0.3 km|20000|20
108|109|10.9453883333333|106.52777|10.946325|106.525881666667|Xuyên Á, Tân Thông Hội, Củ Chi, Hồ Chí Minh, Vietnam|114 QL22, Tân Thông Hội, Củ Chi, Hồ Chí Minh, Vietnam|231|0.2 km|20000|20
109|110|10.946325|106.525881666667|10.9470816666667|106.524565|114 QL22, Tân Thông Hội, Củ Chi, Hồ Chí Minh, Vietnam|114 QL22, Tân Thông Hội, Củ Chi, Hồ Chí Minh, Vietnam|167|0.2 km|20000|20
110|111|10.9470816666667|106.524565|10.9470816666667|106.524565|114 QL22, Tân Thông Hội, Củ Chi, Hồ Chí Minh, Vietnam|114 QL22, Tân Thông Hội, Củ Chi, Hồ Chí Minh, Vietnam|0|1 m|1000|01
111|112|10.9470816666667|106.524565|10.94717|106.524416666667|114 QL22, Tân Thông Hội, Củ Chi, Hồ Chí Minh, Vietnam|114 QL22, Tân Thông Hội, Củ Chi, Hồ Chí Minh, Vietnam|19|19 m|10000|10
112|113|10.94717|106.524416666667|10.9478216666667|106.523403333333|114 QL22, Tân Thông Hội, Củ Chi, Hồ Chí Minh, Vietnam|114 QL22, Tân Thông Hội, Củ Chi, Hồ Chí Minh, Vietnam|132|0.1 km|20000|20
113|114|10.9478216666667|106.523403333333|10.9491266666667|106.521475|114 QL22, Tân Thông Hội, Củ Chi, Hồ Chí Minh, Vietnam|114 QL22, Tân Thông Hội, Củ Chi, Hồ Chí Minh, Vietnam|256|0.3 km|20000|20
114|115|10.9491266666667|106.521475|10.9494533333333|106.521013333333|114 QL22, Tân Thông Hội, Củ Chi, Hồ Chí Minh, Vietnam|114 QL22, Tân Thông Hội, Củ Chi, Hồ Chí Minh, Vietnam|62|62 m|11000|11
115|116|10.9494533333333|106.521013333333|10.9494966666667|106.520926666667|114 QL22, Tân Thông Hội, Củ Chi, Hồ Chí Minh, Vietnam|114 QL22, Tân Thông Hội, Củ Chi, Hồ Chí Minh, Vietnam|11|11 m|4000|04
116|117|10.9494966666667|106.520926666667|10.9503333333333|106.519683333333|114 QL22, Tân Thông Hội, Củ Chi, Hồ Chí Minh, Vietnam|126 QL22, Tân Thông Hội, Củ Chi, Hồ Chí Minh, Vietnam|165|0.2 km|20000|20
117|118|10.9503333333333|106.519683333333|10.9508383333333|106.519006666667|126 QL22, Tân Thông Hội, Củ Chi, Hồ Chí Minh, Vietnam|126 QL22, Tân Thông Hội, Củ Chi, Hồ Chí Minh, Vietnam|93|93 m|16000|16
118|119|10.9508383333333|106.519006666667|10.950915|106.518885|126 QL22, Tân Thông Hội, Củ Chi, Hồ Chí Minh, Vietnam|126 QL22, Tân Thông Hội, Củ Chi, Hồ Chí Minh, Vietnam|16|16 m|8000|08
119|120|10.950915|106.518885|10.95178|106.517543333333|126 QL22, Tân Thông Hội, Củ Chi, Hồ Chí Minh, Vietnam|126 QL22, Tân Thông Hội, Củ Chi, Hồ Chí Minh, Vietnam|175|0.2 km|20000|20
120|121|10.95178|106.517543333333|10.9531433333333|106.515573333333|126 QL22, Tân Thông Hội, Củ Chi, Hồ Chí Minh, Vietnam|126 QL22, Tân Thông Hội, Củ Chi, Hồ Chí Minh, Vietnam|263|0.3 km|20000|20
121|122|10.9531433333333|106.515573333333|10.95447|106.513621666667|126 QL22, Tân Thông Hội, Củ Chi, Hồ Chí Minh, Vietnam|126 QL22, Tân Thông Hội, Củ Chi, Hồ Chí Minh, Vietnam|259|0.3 km|20000|20
122|123|10.95447|106.513621666667|10.9550683333333|106.512758333333|126 QL22, Tân Thông Hội, Củ Chi, Hồ Chí Minh, Vietnam|126 QL22, Tân Thông Hội, Củ Chi, Hồ Chí Minh, Vietnam|115|0.1 km|20000|20
123|124|10.9550683333333|106.512758333333|10.95626|106.511008333333|126 QL22, Tân Thông Hội, Củ Chi, Hồ Chí Minh, Vietnam|Xuyên Á, Tân Thông Hội, Củ Chi, Hồ Chí Minh, Vietnam|233|0.2 km|20000|20
124|125|10.95626|106.511008333333|10.9570083333333|106.509801666667|Xuyên Á, Tân Thông Hội, Củ Chi, Hồ Chí Minh, Vietnam|Xuyên Á, Tân Thông Hội, Củ Chi, Hồ Chí Minh, Vietnam|156|0.2 km|20000|20
125|126|10.9570083333333|106.509801666667|10.9570083333333|106.509801666667|Xuyên Á, Tân Thông Hội, Củ Chi, Hồ Chí Minh, Vietnam|Xuyên Á, Tân Thông Hội, Củ Chi, Hồ Chí Minh, Vietnam|0|1 m|2000|02
126|127|10.9570083333333|106.509801666667|10.9570583333333|106.509705|Xuyên Á, Tân Thông Hội, Củ Chi, Hồ Chí Minh, Vietnam|Xuyên Á, Tân Thông Hội, Củ Chi, Hồ Chí Minh, Vietnam|12|12 m|8000|08
127|128|10.9570583333333|106.509705|10.9577466666667|106.50832|Xuyên Á, Tân Thông Hội, Củ Chi, Hồ Chí Minh, Vietnam|Xuyên Á, Tân Thông Hội, Củ Chi, Hồ Chí Minh, Vietnam|169|0.2 km|20000|20
128|129|10.9577466666667|106.50832|10.9589066666667|106.506038333333|Xuyên Á, Tân Thông Hội, Củ Chi, Hồ Chí Minh, Vietnam|Xuyên Á, Tân Thông Hội, Củ Chi, Hồ Chí Minh, Vietnam|280|0.3 km|20000|20
129|130|10.9589066666667|106.506038333333|10.96|106.503911666667|Xuyên Á, Tân Thông Hội, Củ Chi, Hồ Chí Minh, Vietnam|500 QL22, Củ Chi, Hồ Chí Minh, Vietnam|262|0.3 km|20000|20
130|131|10.96|106.503911666667|10.960535|106.502888333333|500 QL22, Củ Chi, Hồ Chí Minh, Vietnam|500 QL22, Củ Chi, Hồ Chí Minh, Vietnam|127|0.1 km|20000|20
131|132|10.960535|106.502888333333|10.9610216666667|106.501988333333|500 QL22, Củ Chi, Hồ Chí Minh, Vietnam|500 QL22, Củ Chi, Hồ Chí Minh, Vietnam|112|0.1 km|20000|20
132|133|10.9610216666667|106.501988333333|10.962155|106.499936666667|500 QL22, Củ Chi, Hồ Chí Minh, Vietnam|500 QL22, Củ Chi, Hồ Chí Minh, Vietnam|257|0.3 km|20000|20
133|134|10.962155|106.499936666667|10.9633116666667|106.497965|500 QL22, Củ Chi, Hồ Chí Minh, Vietnam|519 AH1, Củ Chi, Hồ Chí Minh, Vietnam|251|0.3 km|20000|20
134|135|10.9633116666667|106.497965|10.963465|106.497696666667|519 AH1, Củ Chi, Hồ Chí Minh, Vietnam|519 AH1, Củ Chi, Hồ Chí Minh, Vietnam|34|34 m|7000|07
135|136|10.963465|106.497696666667|10.96352|106.497578333333|519 AH1, Củ Chi, Hồ Chí Minh, Vietnam|519 AH1, Củ Chi, Hồ Chí Minh, Vietnam|14|14 m|8000|08
136|137|10.96352|106.497578333333|10.9641216666667|106.496486666667|519 AH1, Củ Chi, Hồ Chí Minh, Vietnam|519 AH1, Củ Chi, Hồ Chí Minh, Vietnam|137|0.1 km|20000|20
137|138|10.9641216666667|106.496486666667|10.9647216666667|106.495375|519 AH1, Củ Chi, Hồ Chí Minh, Vietnam|519 AH1, Củ Chi, Hồ Chí Minh, Vietnam|139|0.1 km|20000|20
138|139|10.9647216666667|106.495375|10.9656183333333|106.493266666667|519 AH1, Củ Chi, Hồ Chí Minh, Vietnam|700 QL22, Củ Chi, Hồ Chí Minh, Vietnam|251|0.3 km|20000|20
139|140|10.9656183333333|106.493266666667|10.9664316666667|106.491198333333|700 QL22, Củ Chi, Hồ Chí Minh, Vietnam|700 QL22, Củ Chi, Hồ Chí Minh, Vietnam|243|0.2 km|20000|20
140|141|10.9664316666667|106.491198333333|10.9671133333333|106.489445|700 QL22, Củ Chi, Hồ Chí Minh, Vietnam|700 QL22, Củ Chi, Hồ Chí Minh, Vietnam|206|0.2 km|20000|20
141|142|10.9671133333333|106.489445|10.9675533333333|106.488415|700 QL22, Củ Chi, Hồ Chí Minh, Vietnam|700 QL22, Củ Chi, Hồ Chí Minh, Vietnam|122|0.1 km|20000|20
142|143|10.9675533333333|106.488415|10.9675533333333|106.488415|700 QL22, Củ Chi, Hồ Chí Minh, Vietnam|700 QL22, Củ Chi, Hồ Chí Minh, Vietnam|0|1 m|2000|02
143|144|10.9675533333333|106.488415|10.9675983333333|106.48825|700 QL22, Củ Chi, Hồ Chí Minh, Vietnam|700 QL22, Củ Chi, Hồ Chí Minh, Vietnam|19|19 m|8000|08
144|145|10.9675983333333|106.48825|10.9680466666667|106.486871666667|700 QL22, Củ Chi, Hồ Chí Minh, Vietnam|719-Quèc QL22, Củ Chi, Hồ Chí Minh, Vietnam|159|0.2 km|20000|20
145|146|10.9680466666667|106.486871666667|10.968985|106.484963333333|719-Quèc QL22, Củ Chi, Hồ Chí Minh, Vietnam|719-Quèc QL22, Củ Chi, Hồ Chí Minh, Vietnam|233|0.2 km|20000|20
146|147|10.968985|106.484963333333|10.9702716666667|106.483008333333|719-Quèc QL22, Củ Chi, Hồ Chí Minh, Vietnam|934 Xuyên Á, Khu phố 8, Tân An Hội, Củ Chi, Hồ Chí Minh, Vietnam|257|0.3 km|20000|20
147|148|10.9702716666667|106.483008333333|10.9710033333333|106.482085|934 Xuyên Á, Khu phố 8, Tân An Hội, Củ Chi, Hồ Chí Minh, Vietnam|934 Xuyên Á, Khu phố 8, Tân An Hội, Củ Chi, Hồ Chí Minh, Vietnam|129|0.1 km|20000|20
148|149|10.9710033333333|106.482085|10.97133|106.48203|934 Xuyên Á, Khu phố 8, Tân An Hội, Củ Chi, Hồ Chí Minh, Vietnam|934 Xuyên Á, Khu phố 8, Tân An Hội, Củ Chi, Hồ Chí Minh, Vietnam|106|0.1 km|15000|15
