0|1|10.9714116666667|106.481791666667|10.9714116666667|106.481791666667|934 Xuyên Á, Khu phố 8, Tân An Hội, Củ Chi, Hồ Chí Minh, Vietnam|934 Xuyên Á, Khu phố 8, Tân An Hội, Củ Chi, Hồ Chí Minh, Vietnam|0|1 m|20000|20
1|2|10.9714116666667|106.481791666667|10.9713133333333|106.481676666667|934 Xuyên Á, Khu phố 8, Tân An Hội, Củ Chi, Hồ Chí Minh, Vietnam|934 Xuyên Á, Khu phố 8, Tân An Hội, Củ Chi, Hồ Chí Minh, Vietnam|2078|2.1 km|7000|07
2|3|10.9713133333333|106.481676666667|10.9708583333333|106.482018333333|934 Xuyên Á, Khu phố 8, Tân An Hội, Củ Chi, Hồ Chí Minh, Vietnam|934 Xuyên Á, Khu phố 8, Tân An Hội, Củ Chi, Hồ Chí Minh, Vietnam|736|0.7 km|20000|20
3|4|10.9708583333333|106.482018333333|10.9705733333333|106.482475|934 Xuyên Á, Khu phố 8, Tân An Hội, Củ Chi, Hồ Chí Minh, Vietnam|934 Xuyên Á, Khu phố 8, Tân An Hội, Củ Chi, Hồ Chí Minh, Vietnam|59|59 m|20000|20
4|5|10.9705733333333|106.482475|10.9702033333333|106.483056666667|934 Xuyên Á, Khu phố 8, Tân An Hội, Củ Chi, Hồ Chí Minh, Vietnam|770/1 QL22, Củ Chi, Hồ Chí Minh, Vietnam|76|76 m|20000|20
5|6|10.9702033333333|106.483056666667|10.9695383333333|106.484015|770/1 QL22, Củ Chi, Hồ Chí Minh, Vietnam|770 QL22, Củ Chi, Hồ Chí Minh, Vietnam|128|0.1 km|20000|20
6|7|10.9695383333333|106.484015|10.9691383333333|106.484516666667|770 QL22, Củ Chi, Hồ Chí Minh, Vietnam|719-Quèc QL22, Củ Chi, Hồ Chí Minh, Vietnam|1876|1.9 km|20000|20
7|8|10.9691383333333|106.484516666667|10.9685316666667|106.485558333333|719-Quèc QL22, Củ Chi, Hồ Chí Minh, Vietnam|719-Quèc QL22, Củ Chi, Hồ Chí Minh, Vietnam|132|0.1 km|20000|20
8|9|10.9685316666667|106.485558333333|10.968045|106.486473333333|719-Quèc QL22, Củ Chi, Hồ Chí Minh, Vietnam|719-Quèc QL22, Củ Chi, Hồ Chí Minh, Vietnam|117|0.1 km|20000|20
9|10|10.968045|106.486473333333|10.9676033333333|106.487641666667|719-Quèc QL22, Củ Chi, Hồ Chí Minh, Vietnam|700 QL22, Củ Chi, Hồ Chí Minh, Vietnam|137|0.1 km|20000|20
10|11|10.9676033333333|106.487641666667|10.9672466666667|106.488845|700 QL22, Củ Chi, Hồ Chí Minh, Vietnam|700 QL22, Củ Chi, Hồ Chí Minh, Vietnam|135|0.1 km|20000|20
11|12|10.9672466666667|106.488845|10.96678|106.49003|700 QL22, Củ Chi, Hồ Chí Minh, Vietnam|700 QL22, Củ Chi, Hồ Chí Minh, Vietnam|139|0.1 km|20000|20
12|13|10.96678|106.49003|10.96622|106.491473333333|700 QL22, Củ Chi, Hồ Chí Minh, Vietnam|519 AH1, Củ Chi, Hồ Chí Minh, Vietnam|169|0.2 km|20000|20
13|14|10.96622|106.491473333333|10.9656133333333|106.492976666667|519 AH1, Củ Chi, Hồ Chí Minh, Vietnam|700 QL22, Củ Chi, Hồ Chí Minh, Vietnam|177|0.2 km|20000|20
14|15|10.9656133333333|106.492976666667|10.9653366666667|106.493756666667|700 QL22, Củ Chi, Hồ Chí Minh, Vietnam|519 AH1, Củ Chi, Hồ Chí Minh, Vietnam|90|90 m|20000|20
15|16|10.9653366666667|106.493756666667|10.9647933333333|106.495008333333|519 AH1, Củ Chi, Hồ Chí Minh, Vietnam|519 AH1, Củ Chi, Hồ Chí Minh, Vietnam|150|0.2 km|20000|20
16|17|10.9647933333333|106.495008333333|10.9642566666667|106.49611|519 AH1, Củ Chi, Hồ Chí Minh, Vietnam|519 AH1, Củ Chi, Hồ Chí Minh, Vietnam|135|0.1 km|20000|20
17|18|10.9642566666667|106.49611|10.96352|106.497381666667|519 AH1, Củ Chi, Hồ Chí Minh, Vietnam|519 AH1, Củ Chi, Hồ Chí Minh, Vietnam|161|0.2 km|20000|20
18|19|10.96352|106.497381666667|10.96331|106.49774|519 AH1, Củ Chi, Hồ Chí Minh, Vietnam|519 AH1, Củ Chi, Hồ Chí Minh, Vietnam|46|46 m|9000|09
19|20|10.96331|106.49774|10.9632616666667|106.497838333333|519 AH1, Củ Chi, Hồ Chí Minh, Vietnam|519 AH1, Củ Chi, Hồ Chí Minh, Vietnam|12|12 m|9000|09
20|21|10.9632616666667|106.497838333333|10.96235|106.499428333333|519 AH1, Củ Chi, Hồ Chí Minh, Vietnam|519 AH1, Củ Chi, Hồ Chí Minh, Vietnam|201|0.2 km|20000|20
21|22|10.96235|106.499428333333|10.9609866666667|106.50176|519 AH1, Củ Chi, Hồ Chí Minh, Vietnam|500 QL22, Củ Chi, Hồ Chí Minh, Vietnam|296|0.3 km|20000|20
22|23|10.9609866666667|106.50176|10.9606066666667|106.502476666667|500 QL22, Củ Chi, Hồ Chí Minh, Vietnam|14 Liêu Bình Hương, Ấp Tân Định, Tân Thông Hội, Củ Chi, Hồ Chí Minh, Vietnam|86|86 m|20000|20
23|24|10.9606066666667|106.502476666667|10.95992|106.503823333333|500 QL22, Củ Chi, Hồ Chí Minh, Vietnam|500 QL22, Củ Chi, Hồ Chí Minh, Vietnam|166|0.2 km|20000|20
24|25|10.95992|106.503823333333|10.959265|106.505026666667|500 QL22, Củ Chi, Hồ Chí Minh, Vietnam|500 QL22, Củ Chi, Hồ Chí Minh, Vietnam|150|0.2 km|19000|19
25|26|10.959265|106.505026666667|10.9592083333333|106.505163333333|500 QL22, Củ Chi, Hồ Chí Minh, Vietnam|500 QL22, Củ Chi, Hồ Chí Minh, Vietnam|16|16 m|11000|11
26|27|10.9592083333333|106.505163333333|10.9586583333333|106.506265|500 QL22, Củ Chi, Hồ Chí Minh, Vietnam|Xuyên Á, Tân Thông Hội, Củ Chi, Hồ Chí Minh, Vietnam|135|0.1 km|20000|20
27|28|10.9586583333333|106.506265|10.9576|106.508328333333|Xuyên Á, Tân Thông Hội, Củ Chi, Hồ Chí Minh, Vietnam|Xuyên Á, Tân Thông Hội, Củ Chi, Hồ Chí Minh, Vietnam|254|0.3 km|20000|20
28|29|10.9576|106.508328333333|10.956795|106.50985|Xuyên Á, Tân Thông Hội, Củ Chi, Hồ Chí Minh, Vietnam|Xuyên Á, Tân Thông Hội, Củ Chi, Hồ Chí Minh, Vietnam|189|0.2 km|20000|20
29|30|10.956795|106.50985|10.9567633333333|106.50992|Xuyên Á, Tân Thông Hội, Củ Chi, Hồ Chí Minh, Vietnam|Xuyên Á, Tân Thông Hội, Củ Chi, Hồ Chí Minh, Vietnam|8|8 m|13000|13
30|31|10.9567633333333|106.50992|10.9562033333333|106.510833333333|Xuyên Á, Tân Thông Hội, Củ Chi, Hồ Chí Minh, Vietnam|Xuyên Á, Tân Thông Hội, Củ Chi, Hồ Chí Minh, Vietnam|118|0.1 km|20000|20
31|32|10.9562033333333|106.510833333333|10.9553616666667|106.512086666667|Xuyên Á, Tân Thông Hội, Củ Chi, Hồ Chí Minh, Vietnam|126 QL22, Tân Thông Hội, Củ Chi, Hồ Chí Minh, Vietnam|166|0.2 km|20000|20
32|33|10.9553616666667|106.512086666667|10.9545566666667|106.513285|126 QL22, Tân Thông Hội, Củ Chi, Hồ Chí Minh, Vietnam|126 QL22, Tân Thông Hội, Củ Chi, Hồ Chí Minh, Vietnam|159|0.2 km|20000|20
33|34|10.9545566666667|106.513285|10.9537816666667|106.51442|126 QL22, Tân Thông Hội, Củ Chi, Hồ Chí Minh, Vietnam|126 QL22, Tân Thông Hội, Củ Chi, Hồ Chí Minh, Vietnam|151|0.2 km|20000|20
34|35|10.9537816666667|106.51442|10.9530083333333|106.515546666667|126 QL22, Tân Thông Hội, Củ Chi, Hồ Chí Minh, Vietnam|126 QL22, Tân Thông Hội, Củ Chi, Hồ Chí Minh, Vietnam|161|0.2 km|20000|20
35|36|10.9530083333333|106.515546666667|10.9522|106.516748333333|126 QL22, Tân Thông Hội, Củ Chi, Hồ Chí Minh, Vietnam|126 QL22, Tân Thông Hội, Củ Chi, Hồ Chí Minh, Vietnam|163|0.2 km|20000|20
36|37|10.9522|106.516748333333|10.95136|106.517983333333|126 QL22, Tân Thông Hội, Củ Chi, Hồ Chí Minh, Vietnam|126 QL22, Tân Thông Hội, Củ Chi, Hồ Chí Minh, Vietnam|164|0.2 km|20000|20
37|38|10.95136|106.517983333333|10.9506083333333|106.519066666667|126 QL22, Tân Thông Hội, Củ Chi, Hồ Chí Minh, Vietnam|126 QL22, Tân Thông Hội, Củ Chi, Hồ Chí Minh, Vietnam|145|0.1 km|20000|20
38|39|10.9506083333333|106.519066666667|10.9500516666667|106.519821666667|126 QL22, Tân Thông Hội, Củ Chi, Hồ Chí Minh, Vietnam|126 QL22, Tân Thông Hội, Củ Chi, Hồ Chí Minh, Vietnam|103|0.1 km|20000|20
39|40|10.9500516666667|106.519821666667|10.94908|106.521321666667|126 QL22, Tân Thông Hội, Củ Chi, Hồ Chí Minh, Vietnam|114 QL22, Tân Thông Hội, Củ Chi, Hồ Chí Minh, Vietnam|196|0.2 km|21000|21
40|41|10.94908|106.521321666667|10.9481683333333|106.522653333333|114 QL22, Tân Thông Hội, Củ Chi, Hồ Chí Minh, Vietnam|114 QL22, Tân Thông Hội, Củ Chi, Hồ Chí Minh, Vietnam|177|0.2 km|20000|20
41|42|10.9481683333333|106.522653333333|10.9477816666667|106.523118333333|114 QL22, Tân Thông Hội, Củ Chi, Hồ Chí Minh, Vietnam|114 QL22, Tân Thông Hội, Củ Chi, Hồ Chí Minh, Vietnam|66|66 m|15000|15
42|43|10.9477816666667|106.523118333333|10.9477716666667|106.52321|114 QL22, Tân Thông Hội, Củ Chi, Hồ Chí Minh, Vietnam|114 QL22, Tân Thông Hội, Củ Chi, Hồ Chí Minh, Vietnam|9|9 m|9000|09
43|44|10.9477716666667|106.52321|10.947655|106.523415|114 QL22, Tân Thông Hội, Củ Chi, Hồ Chí Minh, Vietnam|114 QL22, Tân Thông Hội, Củ Chi, Hồ Chí Minh, Vietnam|26|26 m|11000|11
44|45|10.947655|106.523415|10.947655|106.523415|114 QL22, Tân Thông Hội, Củ Chi, Hồ Chí Minh, Vietnam|114 QL22, Tân Thông Hội, Củ Chi, Hồ Chí Minh, Vietnam|0|1 m|20000|20
45|46|10.947655|106.523415|10.947575|106.523535|114 QL22, Tân Thông Hội, Củ Chi, Hồ Chí Minh, Vietnam|114 QL22, Tân Thông Hội, Củ Chi, Hồ Chí Minh, Vietnam|16|16 m|7000|07
46|47|10.947575|106.523535|10.946775|106.524711666667|114 QL22, Tân Thông Hội, Củ Chi, Hồ Chí Minh, Vietnam|114 QL22, Tân Thông Hội, Củ Chi, Hồ Chí Minh, Vietnam|156|0.2 km|20000|20
47|48|10.946775|106.524711666667|10.9459683333333|106.52624|114 QL22, Tân Thông Hội, Củ Chi, Hồ Chí Minh, Vietnam|114 QL22, Tân Thông Hội, Củ Chi, Hồ Chí Minh, Vietnam|189|0.2 km|20000|20
48|49|10.9459683333333|106.52624|10.9451483333333|106.527933333333|114 QL22, Tân Thông Hội, Củ Chi, Hồ Chí Minh, Vietnam|Xuyên Á, Củ Chi, Hồ Chí Minh, Vietnam|206|0.2 km|20000|20
49|50|10.9451483333333|106.527933333333|10.9440333333333|106.53025|Xuyên Á, Củ Chi, Hồ Chí Minh, Vietnam|Xuyên Á, Củ Chi, Hồ Chí Minh, Vietnam|282|0.3 km|20000|20
50|51|10.9440333333333|106.53025|10.942775|106.532846666667|Xuyên Á, Củ Chi, Hồ Chí Minh, Vietnam|Xuyên Á, Tân Phú Trung, Củ Chi, Hồ Chí Minh, Vietnam|316|0.3 km|20000|20
51|52|10.942775|106.532846666667|10.941575|106.535323333333|Xuyên Á, Tân Phú Trung, Củ Chi, Hồ Chí Minh, Vietnam|Xuyên Á, Tân Phú Trung, Củ Chi, Hồ Chí Minh, Vietnam|301|0.3 km|20000|20
52|53|10.941575|106.535323333333|10.9404916666667|106.537568333333|Xuyên Á, Tân Phú Trung, Củ Chi, Hồ Chí Minh, Vietnam|Xuyên Á, Tân Phú Trung, Củ Chi, Hồ Chí Minh, Vietnam|273|0.3 km|20000|20
53|54|10.9404916666667|106.537568333333|10.939265|106.540046666667|Xuyên Á, Tân Phú Trung, Củ Chi, Hồ Chí Minh, Vietnam|280 Xuyên Á, Tân Phú Trung, Củ Chi, Hồ Chí Minh, Vietnam|303|0.3 km|20000|20
54|55|10.939265|106.540046666667|10.93915|106.540283333333|280 Xuyên Á, Tân Phú Trung, Củ Chi, Hồ Chí Minh, Vietnam|280 Xuyên Á, Tân Phú Trung, Củ Chi, Hồ Chí Minh, Vietnam|29|29 m|8000|08
55|56|10.93915|106.540283333333|10.9391016666667|106.540366666667|280 Xuyên Á, Tân Phú Trung, Củ Chi, Hồ Chí Minh, Vietnam|280 Xuyên Á, Tân Phú Trung, Củ Chi, Hồ Chí Minh, Vietnam|11|11 m|4000|04
56|57|10.9391016666667|106.540366666667|10.9384483333333|106.541795|280 Xuyên Á, Tân Phú Trung, Củ Chi, Hồ Chí Minh, Vietnam|280 Xuyên Á, Tân Phú Trung, Củ Chi, Hồ Chí Minh, Vietnam|172|0.2 km|20000|20
57|58|10.9384483333333|106.541795|10.9373416666667|106.544068333333|280 Xuyên Á, Tân Phú Trung, Củ Chi, Hồ Chí Minh, Vietnam|280 Xuyên Á, Tân Phú Trung, Củ Chi, Hồ Chí Minh, Vietnam|281|0.3 km|20000|20
58|59|10.9373416666667|106.544068333333|10.9361533333333|106.546503333333|280 Xuyên Á, Tân Phú Trung, Củ Chi, Hồ Chí Minh, Vietnam|280 Xuyên Á, Tân Phú Trung, Củ Chi, Hồ Chí Minh, Vietnam|312|0.3 km|20000|20
59|60|10.9361533333333|106.546503333333|10.93507|106.548718333333|280 Xuyên Á, Tân Phú Trung, Củ Chi, Hồ Chí Minh, Vietnam|280 Xuyên Á, Tân Phú Trung, Củ Chi, Hồ Chí Minh, Vietnam|270|0.3 km|20000|20
60|61|10.93507|106.548718333333|10.934825|106.549231666667|280 Xuyên Á, Tân Phú Trung, Củ Chi, Hồ Chí Minh, Vietnam|280 Xuyên Á, Tân Phú Trung, Củ Chi, Hồ Chí Minh, Vietnam|62|62 m|16000|16
61|62|10.934825|106.549231666667|10.934825|106.549231666667|280 Xuyên Á, Tân Phú Trung, Củ Chi, Hồ Chí Minh, Vietnam|280 Xuyên Á, Tân Phú Trung, Củ Chi, Hồ Chí Minh, Vietnam|0|1 m|20000|20
62|63|10.934825|106.549231666667|10.93476|106.54938|280 Xuyên Á, Tân Phú Trung, Củ Chi, Hồ Chí Minh, Vietnam|280 Xuyên Á, Tân Phú Trung, Củ Chi, Hồ Chí Minh, Vietnam|17|17 m|13000|13
63|64|10.93476|106.54938|10.9342066666667|106.550416666667|280 Xuyên Á, Tân Phú Trung, Củ Chi, Hồ Chí Minh, Vietnam|135 QL22, Tân Phú Trung, Củ Chi, Hồ Chí Minh, Vietnam|130|0.1 km|20000|20
64|65|10.9342066666667|106.550416666667|10.9326566666667|106.552165|135 QL22, Tân Phú Trung, Củ Chi, Hồ Chí Minh, Vietnam|135 QL22, Tân Phú Trung, Củ Chi, Hồ Chí Minh, Vietnam|260|0.3 km|20000|20
65|66|10.9326566666667|106.552165|10.9307966666667|106.55383|135 QL22, Tân Phú Trung, Củ Chi, Hồ Chí Minh, Vietnam|59 QL22, Tân Phú Trung, Củ Chi, Hồ Chí Minh, Vietnam|275|0.3 km|20000|20
66|67|10.9307966666667|106.55383|10.9285333333333|106.555636666667|59 QL22, Tân Phú Trung, Củ Chi, Hồ Chí Minh, Vietnam|59 QL22, Tân Phú Trung, Củ Chi, Hồ Chí Minh, Vietnam|321|0.3 km|20000|20
67|68|10.9285333333333|106.555636666667|10.9266266666667|106.556913333333|59 QL22, Tân Phú Trung, Củ Chi, Hồ Chí Minh, Vietnam|59 QL22, Tân Phú Trung, Củ Chi, Hồ Chí Minh, Vietnam|261|0.3 km|20000|20
68|69|10.9266266666667|106.556913333333|10.9263883333333|106.557061666667|59 QL22, Tân Phú Trung, Củ Chi, Hồ Chí Minh, Vietnam|59 QL22, Tân Phú Trung, Củ Chi, Hồ Chí Minh, Vietnam|31|31 m|8000|08
69|70|10.9263883333333|106.557061666667|10.9262883333333|106.557143333333|59 QL22, Tân Phú Trung, Củ Chi, Hồ Chí Minh, Vietnam|59 QL22, Tân Phú Trung, Củ Chi, Hồ Chí Minh, Vietnam|14|14 m|13000|13
70|71|10.9262883333333|106.557143333333|10.9250416666667|106.558123333333|59 QL22, Tân Phú Trung, Củ Chi, Hồ Chí Minh, Vietnam|59 QL22, Tân Phú Trung, Củ Chi, Hồ Chí Minh, Vietnam|175|0.2 km|20000|20
71|72|10.9250416666667|106.558123333333|10.92265|106.559791666667|59 QL22, Tân Phú Trung, Củ Chi, Hồ Chí Minh, Vietnam|Xuyên Á, Tân Phú Trung, Củ Chi, Hồ Chí Minh, Vietnam|322|0.3 km|20000|20
72|73|10.92265|106.559791666667|10.9199083333333|106.56167|Xuyên Á, Tân Phú Trung, Củ Chi, Hồ Chí Minh, Vietnam|Xuyên Á, Tân Phú Trung, Củ Chi, Hồ Chí Minh, Vietnam|367|0.4 km|20000|20
73|74|10.9199083333333|106.56167|10.9178266666667|106.563123333333|Xuyên Á, Tân Phú Trung, Củ Chi, Hồ Chí Minh, Vietnam|Cầu An Hạ, Củ Chi, Hồ Chí Minh, Vietnam|277|0.3 km|20000|20
74|75|10.9178266666667|106.563123333333|10.9158533333333|106.564498333333|Cầu An Hạ, Củ Chi, Hồ Chí Minh, Vietnam|Xuyên Á, Tân Thới Nhì, Hóc Môn, Hồ Chí Minh, Vietnam|268|0.3 km|20000|20
75|76|10.9158533333333|106.564498333333|10.913665|106.566028333333|Xuyên Á, Tân Thới Nhì, Hóc Môn, Hồ Chí Minh, Vietnam|Xuyên Á, Tân Thới Nhì, Hóc Môn, Hồ Chí Minh, Vietnam|295|0.3 km|20000|20
76|77|10.913665|106.566028333333|10.9113933333333|106.567623333333|Xuyên Á, Tân Thới Nhì, Hóc Môn, Hồ Chí Minh, Vietnam|Xuyên Á, Tân Thới Nhì, Hóc Môn, Hồ Chí Minh, Vietnam|307|0.3 km|20000|20
77|78|10.9113933333333|106.567623333333|10.909075|106.569233333333|Xuyên Á, Tân Thới Nhì, Hóc Môn, Hồ Chí Minh, Vietnam|Xuyên Á, Tân Thới Nhì, Hóc Môn, Hồ Chí Minh, Vietnam|312|0.3 km|20000|20
78|79|10.909075|106.569233333333|10.9068533333333|106.570788333333|Xuyên Á, Tân Thới Nhì, Hóc Môn, Hồ Chí Minh, Vietnam|Xuyên Á, Tân Thới Nhì, Hóc Môn, Hồ Chí Minh, Vietnam|300|0.3 km|20000|20
79|80|10.9068533333333|106.570788333333|10.9047583333333|106.572255|Xuyên Á, Tân Thới Nhì, Hóc Môn, Hồ Chí Minh, Vietnam|Xuyên Á, Tân Thới Nhì, Hóc Môn, Hồ Chí Minh, Vietnam|283|0.3 km|20000|20
80|81|10.9047583333333|106.572255|10.9025033333333|106.573863333333|Xuyên Á, Tân Thới Nhì, Hóc Môn, Hồ Chí Minh, Vietnam|Xuyên Á, Tân Thới Nhì, Hóc Môn, Hồ Chí Minh, Vietnam|306|0.3 km|20000|20
81|82|10.9025033333333|106.573863333333|10.9002883333333|106.575413333333|Xuyên Á, Tân Thới Nhì, Hóc Môn, Hồ Chí Minh, Vietnam|Xuyên Á, Tân Thới Nhì, Hóc Môn, Hồ Chí Minh, Vietnam|299|0.3 km|19000|19
82|83|10.9002883333333|106.575413333333|10.8998683333333|106.575668333333|Xuyên Á, Tân Thới Nhì, Hóc Môn, Hồ Chí Minh, Vietnam|Xuyên Á, Tân Thới Nhì, Hóc Môn, Hồ Chí Minh, Vietnam|54|54 m|5000|05
83|84|10.8998683333333|106.575668333333|10.8996916666667|106.575775|Xuyên Á, Tân Thới Nhì, Hóc Môn, Hồ Chí Minh, Vietnam|Xuyên Á, Tân Thới Nhì, Hóc Môn, Hồ Chí Minh, Vietnam|23|23 m|7000|07
84|85|10.8996916666667|106.575775|10.8996233333333|106.575838333333|Xuyên Á, Tân Thới Nhì, Hóc Môn, Hồ Chí Minh, Vietnam|Xuyên Á, Tân Thới Nhì, Hóc Môn, Hồ Chí Minh, Vietnam|11|11 m|4000|04
85|86|10.8996233333333|106.575838333333|10.898365|106.576795|Xuyên Á, Tân Thới Nhì, Hóc Môn, Hồ Chí Minh, Vietnam|Xuyên Á, Tân Thới Nhì, Hóc Môn, Hồ Chí Minh, Vietnam|174|0.2 km|20000|20
86|87|10.898365|106.576795|10.89659|106.577991666667|Xuyên Á, Tân Thới Nhì, Hóc Môn, Hồ Chí Minh, Vietnam|Xuyên Á, Tân Thới Nhì, Hóc Môn, Hồ Chí Minh, Vietnam|237|0.2 km|20000|20
87|88|10.89659|106.577991666667|10.8949216666667|106.579163333333|Xuyên Á, Tân Thới Nhì, Hóc Môn, Hồ Chí Minh, Vietnam|Xuyên Á, Tân Thới Nhì, Hóc Môn, Hồ Chí Minh, Vietnam|225|0.2 km|20000|20
88|89|10.8949216666667|106.579163333333|10.89335|106.580266666667|Xuyên Á, Tân Thới Nhì, Hóc Môn, Hồ Chí Minh, Vietnam|Dân Thắng 1 - Nhị Tân 1, Tân Thới Nhì, Hóc Môn, Hồ Chí Minh, Vietnam|212|0.2 km|20000|20
89|90|10.89335|106.580266666667|10.8929233333333|106.580535|Dân Thắng 1 - Nhị Tân 1, Tân Thới Nhì, Hóc Môn, Hồ Chí Minh, Vietnam|88/1B QL22, Hóc Môn, Hồ Chí Minh, Vietnam|56|56 m|20000|20
90|91|10.8929233333333|106.580535|10.8916016666667|106.581471666667|88/1B QL22, Hóc Môn, Hồ Chí Minh, Vietnam|88/1B QL22, Hóc Môn, Hồ Chí Minh, Vietnam|179|0.2 km|20000|20
91|92|10.8916016666667|106.581471666667|10.8896166666667|106.58288|88/1B QL22, Hóc Môn, Hồ Chí Minh, Vietnam|88/1B QL22, Hóc Môn, Hồ Chí Minh, Vietnam|269|0.3 km|20000|20
92|93|10.8896166666667|106.58288|10.88743|106.58441|88/1B QL22, Hóc Môn, Hồ Chí Minh, Vietnam|88/1B QL22, Hóc Môn, Hồ Chí Minh, Vietnam|295|0.3 km|20000|20
93|94|10.88743|106.58441|10.885545|106.585723333333|88/1B QL22, Hóc Môn, Hồ Chí Minh, Vietnam|88/1B QL22, Hóc Môn, Hồ Chí Minh, Vietnam|254|0.3 km|20000|20
94|95|10.885545|106.585723333333|10.8843233333333|106.586591666667|88/1B QL22, Hóc Môn, Hồ Chí Minh, Vietnam|88/1B QL22, Hóc Môn, Hồ Chí Minh, Vietnam|166|0.2 km|20000|20
95|96|10.8843233333333|106.586591666667|10.8843233333333|106.586591666667|88/1B QL22, Hóc Môn, Hồ Chí Minh, Vietnam|88/1B QL22, Hóc Môn, Hồ Chí Minh, Vietnam|0|1 m|2000|02
96|97|10.8843233333333|106.586591666667|10.8843233333333|106.586591666667|88/1B QL22, Hóc Môn, Hồ Chí Minh, Vietnam|88/1B QL22, Hóc Môn, Hồ Chí Minh, Vietnam|0|1 m|20000|20
97|98|10.8843233333333|106.586591666667|10.8843233333333|106.586591666667|88/1B QL22, Hóc Môn, Hồ Chí Minh, Vietnam|88/1B QL22, Hóc Môn, Hồ Chí Minh, Vietnam|0|1 m|20000|20
98|99|10.8843233333333|106.586591666667|10.8842516666667|106.586643333333|88/1B QL22, Hóc Môn, Hồ Chí Minh, Vietnam|88/1B QL22, Hóc Môn, Hồ Chí Minh, Vietnam|10|10 m|8000|08
99|100|10.8842516666667|106.586643333333|10.8832083333333|106.587326666667|88/1B QL22, Hóc Môn, Hồ Chí Minh, Vietnam|88/1B QL22, Hóc Môn, Hồ Chí Minh, Vietnam|138|0.1 km|20000|20
100|101|10.8832083333333|106.587326666667|10.8830183333333|106.587426666667|88/1B QL22, Hóc Môn, Hồ Chí Minh, Vietnam|88/1B QL22, Hóc Môn, Hồ Chí Minh, Vietnam|24|24 m|9000|09
101|102|10.8830183333333|106.587426666667|10.8829233333333|106.5875|88/1B QL22, Hóc Môn, Hồ Chí Minh, Vietnam|88/1B QL22, Hóc Môn, Hồ Chí Minh, Vietnam|13|13 m|11000|11
102|103|10.8829233333333|106.5875|10.8815216666667|106.588493333333|88/1B QL22, Hóc Môn, Hồ Chí Minh, Vietnam|27 QL22, Xuân Thới Đông, Hóc Môn, Hồ Chí Minh, Vietnam|190|0.2 km|20000|20
103|104|10.8815216666667|106.588493333333|10.8797616666667|106.589738333333|27 QL22, Xuân Thới Đông, Hóc Môn, Hồ Chí Minh, Vietnam|27 QL22, Xuân Thới Đông, Hóc Môn, Hồ Chí Minh, Vietnam|238|0.2 km|20000|20
104|105|10.8797616666667|106.589738333333|10.878205|106.590821666667|27 QL22, Xuân Thới Đông, Hóc Môn, Hồ Chí Minh, Vietnam|27 QL22, Xuân Thới Đông, Hóc Môn, Hồ Chí Minh, Vietnam|210|0.2 km|20000|20
105|106|10.878205|106.590821666667|10.87815|106.59086|27 QL22, Xuân Thới Đông, Hóc Môn, Hồ Chí Minh, Vietnam|27 QL22, Xuân Thới Đông, Hóc Môn, Hồ Chí Minh, Vietnam|7|7 m|4000|04
106|107|10.87815|106.59086|10.8780533333333|106.590928333333|27 QL22, Xuân Thới Đông, Hóc Môn, Hồ Chí Minh, Vietnam|27 QL22, Xuân Thới Đông, Hóc Môn, Hồ Chí Minh, Vietnam|13|13 m|7000|07
107|108|10.8780533333333|106.590928333333|10.8768866666667|106.591833333333|27 QL22, Xuân Thới Đông, Hóc Môn, Hồ Chí Minh, Vietnam|42 QL22, Tân Xuân, Hóc Môn, Hồ Chí Minh, Vietnam|163|0.2 km|20000|20
108|109|10.8768866666667|106.591833333333|10.8753283333333|106.592945|42 QL22, Tân Xuân, Hóc Môn, Hồ Chí Minh, Vietnam|42/1B QL22, Xuân Thới Đông, Hóc Môn, Hồ Chí Minh, Vietnam|212|0.2 km|20000|20
109|110|10.8753283333333|106.592945|10.8738383333333|106.594008333333|42/1B QL22, Xuân Thới Đông, Hóc Môn, Hồ Chí Minh, Vietnam|42/7A QL22, Xuân Thới Đông, Hóc Môn, Hồ Chí Minh, Vietnam|202|0.2 km|20000|20
110|111|10.8738383333333|106.594008333333|10.8722066666667|106.59515|42/7A QL22, Xuân Thới Đông, Hóc Môn, Hồ Chí Minh, Vietnam|43/6 QL22, Xuân Thới Đông, Hóc Môn, Hồ Chí Minh, Vietnam|220|0.2 km|20000|20
111|112|10.8722066666667|106.59515|10.8705566666667|106.5963|43/6 QL22, Xuân Thới Đông, Hóc Môn, Hồ Chí Minh, Vietnam|57/3 QL22, Xuân Thới Đông, Hóc Môn, Hồ Chí Minh, Vietnam|222|0.2 km|20000|20
112|113|10.8705566666667|106.5963|10.868985|106.597446666667|57/3 QL22, Xuân Thới Đông, Hóc Môn, Hồ Chí Minh, Vietnam|8/3A QL22, Xuân Thới Đông, Hóc Môn, Hồ Chí Minh, Vietnam|215|0.2 km|20000|20
113|114|10.868985|106.597446666667|10.866975|106.598865|8/3A QL22, Xuân Thới Đông, Hóc Môn, Hồ Chí Minh, Vietnam|73/3C QL22, Xuân Thới Đông, Hóc Môn, Hồ Chí Minh, Vietnam|272|0.3 km|20000|20
114|115|10.866975|106.598865|10.8649|106.600346666667|73/3C QL22, Xuân Thới Đông, Hóc Môn, Hồ Chí Minh, Vietnam|QL22, Tân Xuân, Hóc Môn, Hồ Chí Minh, Vietnam|282|0.3 km|20000|20
115|116|10.8649|106.600346666667|10.8630683333333|106.601636666667|QL22, Tân Xuân, Hóc Môn, Hồ Chí Minh, Vietnam|Xuyên Á, Tân Xuân, Hóc Môn, Hồ Chí Minh, Vietnam|248|0.2 km|20000|20
116|117|10.8630683333333|106.601636666667|10.861705|106.602526666667|Xuyên Á, Tân Xuân, Hóc Môn, Hồ Chí Minh, Vietnam|Xuyên Á, Tân Xuân, Hóc Môn, Hồ Chí Minh, Vietnam|180|0.2 km|21000|21
117|118|10.861705|106.602526666667|10.8606516666667|106.603306666667|Xuyên Á, Tân Xuân, Hóc Môn, Hồ Chí Minh, Vietnam|37/3 QL22, Trung Chánh, Xuân Thới Đông, Hóc Môn, Hồ Chí Minh, Vietnam|145|0.1 km|20000|20
118|119|10.8606516666667|106.603306666667|10.8606|106.603341666667|37/3 QL22, Trung Chánh, Xuân Thới Đông, Hóc Môn, Hồ Chí Minh, Vietnam|37/3 QL22, Trung Chánh, Xuân Thới Đông, Hóc Môn, Hồ Chí Minh, Vietnam|7|7 m|4000|04
119|120|10.8606|106.603341666667|10.8605083333333|106.6034|37/3 QL22, Trung Chánh, Xuân Thới Đông, Hóc Môn, Hồ Chí Minh, Vietnam|37/3 QL22, Trung Chánh, Xuân Thới Đông, Hóc Môn, Hồ Chí Minh, Vietnam|12|12 m|7000|07
120|121|10.8605083333333|106.6034|10.8595633333333|106.604151666667|37/3 QL22, Trung Chánh, Xuân Thới Đông, Hóc Môn, Hồ Chí Minh, Vietnam|Xuyên Á, Tân Xuân, Hóc Môn, Hồ Chí Minh, Vietnam|133|0.1 km|21000|21
121|122|10.8595633333333|106.604151666667|10.8585583333333|106.604861666667|Xuyên Á, Tân Xuân, Hóc Môn, Hồ Chí Minh, Vietnam|Xuyên Á, Tân Xuân, Hóc Môn, Hồ Chí Minh, Vietnam|136|0.1 km|20000|20
122|123|10.8585583333333|106.604861666667|10.85745|106.605648333333|Xuyên Á, Tân Xuân, Hóc Môn, Hồ Chí Minh, Vietnam|Xuyên Á, Tân Xuân, Hóc Môn, Hồ Chí Minh, Vietnam|150|0.2 km|20000|20
123|124|10.85745|106.605648333333|10.8566233333333|106.60628|Xuyên Á, Tân Xuân, Hóc Môn, Hồ Chí Minh, Vietnam|Xuyên Á, Bà Điểm, Hóc Môn, Hồ Chí Minh, Vietnam|122|0.1 km|20000|20
124|125|10.8566233333333|106.60628|10.8566233333333|106.60628|Xuyên Á, Bà Điểm, Hóc Môn, Hồ Chí Minh, Vietnam|Xuyên Á, Bà Điểm, Hóc Môn, Hồ Chí Minh, Vietnam|0|1 m|1000|01
125|126|10.8566233333333|106.60628|10.856455|106.606393333333|Xuyên Á, Bà Điểm, Hóc Môn, Hồ Chí Minh, Vietnam|Xuyên Á, Bà Điểm, Hóc Môn, Hồ Chí Minh, Vietnam|22|22 m|11000|11
126|127|10.856455|106.606393333333|10.85562|106.606951666667|Xuyên Á, Bà Điểm, Hóc Môn, Hồ Chí Minh, Vietnam|Xuyên Á, Bà Điểm, Hóc Môn, Hồ Chí Minh, Vietnam|111|0.1 km|20000|20
127|128|10.85562|106.606951666667|10.8556033333333|106.606963333333|Xuyên Á, Bà Điểm, Hóc Môn, Hồ Chí Minh, Vietnam|Xuyên Á, Bà Điểm, Hóc Môn, Hồ Chí Minh, Vietnam|2|2 m|3000|03
128|129|10.8556033333333|106.606963333333|10.8556033333333|106.606963333333|Xuyên Á, Bà Điểm, Hóc Môn, Hồ Chí Minh, Vietnam|Xuyên Á, Bà Điểm, Hóc Môn, Hồ Chí Minh, Vietnam|0|1 m|20000|20
129|130|10.8556033333333|106.606963333333|10.8556033333333|106.606963333333|Xuyên Á, Bà Điểm, Hóc Môn, Hồ Chí Minh, Vietnam|Xuyên Á, Bà Điểm, Hóc Môn, Hồ Chí Minh, Vietnam|0|1 m|20000|20
130|131|10.8556033333333|106.606963333333|10.8554733333333|106.607063333333|Xuyên Á, Bà Điểm, Hóc Môn, Hồ Chí Minh, Vietnam|193D QL22, Trung Mỹ Tây, Quận 12, Hồ Chí Minh, Vietnam|18|18 m|20000|20
131|132|10.8554733333333|106.607063333333|10.8542766666667|106.607816666667|193D QL22, Trung Mỹ Tây, Quận 12, Hồ Chí Minh, Vietnam|193D QL22, Trung Mỹ Tây, Quận 12, Hồ Chí Minh, Vietnam|156|0.2 km|20000|20
132|133|10.8542766666667|106.607816666667|10.8525416666667|106.608935|193D QL22, Trung Mỹ Tây, Quận 12, Hồ Chí Minh, Vietnam|29 Xuyên Á, Bà Điểm, Hóc Môn, Hồ Chí Minh, Vietnam|228|0.2 km|20000|20
133|134|10.8525416666667|106.608935|10.8508316666667|106.610035|29 Xuyên Á, Bà Điểm, Hóc Môn, Hồ Chí Minh, Vietnam|29 Xuyên Á, Bà Điểm, Hóc Môn, Hồ Chí Minh, Vietnam|225|0.2 km|20000|20
134|135|10.8508316666667|106.610035|10.8491783333333|106.6111|29 Xuyên Á, Bà Điểm, Hóc Môn, Hồ Chí Minh, Vietnam|Xuyên Á, Bà Điểm, Hóc Môn, Hồ Chí Minh, Vietnam|218|0.2 km|20000|20
135|136|10.8491783333333|106.6111|10.847515|106.612168333333|Xuyên Á, Bà Điểm, Hóc Môn, Hồ Chí Minh, Vietnam|166 QL22, Trung Mỹ Tây, Quận 12, Hồ Chí Minh, Vietnam|219|0.2 km|20000|20
136|137|10.847515|106.612168333333|10.8459216666667|106.613185|166 QL22, Trung Mỹ Tây, Quận 12, Hồ Chí Minh, Vietnam|43F QL22, Trung Mỹ Tây, Quận 12, Hồ Chí Minh, Vietnam|209|0.2 km|20000|20
137|138|10.8459216666667|106.613185|10.8451066666667|106.613648333333|43F QL22, Trung Mỹ Tây, Quận 12, Hồ Chí Minh, Vietnam|D11 QL22, Trung Mỹ Tây, Quận 12, Hồ Chí Minh, Vietnam|110|0.1 km|16000|16
138|139|10.8451066666667|106.613648333333|10.844995|106.61372|D11 QL22, Trung Mỹ Tây, Quận 12, Hồ Chí Minh, Vietnam|6D QL22, Trung Mỹ Tây, Quận 12, Hồ Chí Minh, Vietnam|15|15 m|20000|20
139|140|10.844995|106.61372|10.8448916666667|106.613798333333|6D QL22, Trung Mỹ Tây, Quận 12, Hồ Chí Minh, Vietnam|6D QL22, Trung Mỹ Tây, Quận 12, Hồ Chí Minh, Vietnam|14|14 m|3000|03
140|141|10.8448916666667|106.613798333333|10.84437|106.613926666667|6D QL22, Trung Mỹ Tây, Quận 12, Hồ Chí Minh, Vietnam|Đông Lân - Hưng Lân, Bà Điểm, Hóc Môn, Hồ Chí Minh, Vietnam|56|56 m|20000|20
