0|1|10.8432266666667|106.614881666667|10.84284|106.614995|5 QL22, Trung Mỹ Tây, Quận 12, Hồ Chí Minh, Vietnam|5 QL22, Trung Mỹ Tây, Quận 12, Hồ Chí Minh, Vietnam|52|52 m|10000|10
1|2|10.84284|106.614995|10.8427583333333|106.615013333333|5 QL22, Trung Mỹ Tây, Quận 12, Hồ Chí Minh, Vietnam|10 QL1A, Tân Thới Nhất, Quận 12, Hồ Chí Minh, Vietnam|7|7 m|6000|06
2|3|10.8427583333333|106.615013333333|10.8423916666667|106.615306666667|10 QL1A, Tân Thới Nhất, Quận 12, Hồ Chí Minh, Vietnam|738 Trường Chinh, Tân Hưng Thuận, Quận 12, Hồ Chí Minh, Vietnam|61|61 m|60000|01:00
3|4|10.8423916666667|106.615306666667|10.842585|106.615576666667|738 Trường Chinh, Tân Hưng Thuận, Quận 12, Hồ Chí Minh, Vietnam|738/26/4 Trường Chinh, Tân Hưng Thuận, Quận 12, Hồ Chí Minh, Vietnam|45|45 m|90000|01:30
4|5|10.842585|106.615576666667|10.8428416666667|106.61553|738/26/4 Trường Chinh, Tân Hưng Thuận, Quận 12, Hồ Chí Minh, Vietnam|Xa lộ Đại Hàn, Bà Điểm, Hóc Môn, Hồ Chí Minh, Vietnam|1469|1.5 km|51000|51
5|6|10.8428416666667|106.61553|10.8428483333333|106.615528333333|10 QL1A, Tân Thới Nhất, Quận 12, Hồ Chí Minh, Vietnam|10 QL1A, Tân Thới Nhất, Quận 12, Hồ Chí Minh, Vietnam|0|1 m|2000|02
6|7|10.8428483333333|106.615528333333|10.8428566666667|106.615531666667|10 QL1A, Tân Thới Nhất, Quận 12, Hồ Chí Minh, Vietnam|10 QL1A, Tân Thới Nhất, Quận 12, Hồ Chí Minh, Vietnam|1|1 m|2000|02
7|8|10.8428566666667|106.615531666667|10.8428633333333|106.615558333333|10 QL1A, Tân Thới Nhất, Quận 12, Hồ Chí Minh, Vietnam|10 QL1A, Tân Thới Nhất, Quận 12, Hồ Chí Minh, Vietnam|3|3 m|10000|10
8|9|10.8428633333333|106.615558333333|10.842865|106.615585|10 QL1A, Tân Thới Nhất, Quận 12, Hồ Chí Minh, Vietnam|Xa lộ Đại Hàn, Quận 12, Hồ Chí Minh, Vietnam|2|2 m|8000|08
9|10|10.842865|106.615585|10.8428733333333|106.615558333333|Xa lộ Đại Hàn, Quận 12, Hồ Chí Minh, Vietnam|Xa lộ Đại Hàn, Bà Điểm, Hóc Môn, Hồ Chí Minh, Vietnam|4080|4.1 km|2000|02
10|11|10.8428733333333|106.615558333333|10.843075|106.615311666667|Xa lộ Đại Hàn, Bà Điểm, Hóc Môn, Hồ Chí Minh, Vietnam|5 QL22, Trung Mỹ Tây, Quận 12, Hồ Chí Minh, Vietnam|33|33 m|21000|21
11|12|10.843075|106.615311666667|10.843305|106.615038333333|5 QL22, Trung Mỹ Tây, Quận 12, Hồ Chí Minh, Vietnam|5 QL22, Trung Mỹ Tây, Quận 12, Hồ Chí Minh, Vietnam|39|39 m|10000|10
12|13|10.843305|106.615038333333|10.8433433333333|106.615005|5 QL22, Trung Mỹ Tây, Quận 12, Hồ Chí Minh, Vietnam|5 QL22, Trung Mỹ Tây, Quận 12, Hồ Chí Minh, Vietnam|6|6 m|4000|04
13|14|10.8433433333333|106.615005|10.8434716666667|106.61493|5 QL22, Trung Mỹ Tây, Quận 12, Hồ Chí Minh, Vietnam|5 QL22, Trung Mỹ Tây, Quận 12, Hồ Chí Minh, Vietnam|16|16 m|5000|05
14|15|10.8434716666667|106.61493|10.8436766666667|106.614801666667|5 QL22, Trung Mỹ Tây, Quận 12, Hồ Chí Minh, Vietnam|4C QL22, Trung Mỹ Tây, Quận 12, Hồ Chí Minh, Vietnam|27|27 m|10000|10
15|16|10.8436766666667|106.614801666667|10.844025|106.614611666667|4C QL22, Trung Mỹ Tây, Quận 12, Hồ Chí Minh, Vietnam|16B QL22, Trung Mỹ Tây, Quận 12, Hồ Chí Minh, Vietnam|45|45 m|11000|11
16|17|10.844025|106.614611666667|10.84438|106.614393333333|16B QL22, Trung Mỹ Tây, Quận 12, Hồ Chí Minh, Vietnam|45/5 QL22, Trung Mỹ Tây, Quận 12, Hồ Chí Minh, Vietnam|46|46 m|11000|11
17|18|10.84438|106.614393333333|10.844655|106.614223333333|45/5 QL22, Trung Mỹ Tây, Quận 12, Hồ Chí Minh, Vietnam|1A1 QL22, Trung Mỹ Tây, Quận 12, Hồ Chí Minh, Vietnam|36|36 m|10000|10
18|19|10.844655|106.614223333333|10.8449916666667|106.614048333333|1A1 QL22, Trung Mỹ Tây, Quận 12, Hồ Chí Minh, Vietnam|6D QL22, Trung Mỹ Tây, Quận 12, Hồ Chí Minh, Vietnam|42|42 m|11000|11
19|20|10.8449916666667|106.614048333333|10.845345|106.613826666667|6D QL22, Trung Mỹ Tây, Quận 12, Hồ Chí Minh, Vietnam|3 Xuyên Á, Trung Mỹ Tây, Quận 12, Hồ Chí Minh, Vietnam|46|46 m|10000|10
20|21|10.845345|106.613826666667|10.845705|106.613608333333|3 Xuyên Á, Trung Mỹ Tây, Quận 12, Hồ Chí Minh, Vietnam|5A QL22, Trung Mỹ Tây, Quận 12, Hồ Chí Minh, Vietnam|47|47 m|11000|11
21|22|10.845705|106.613608333333|10.845835|106.613541666667|5A QL22, Trung Mỹ Tây, Quận 12, Hồ Chí Minh, Vietnam|3 Xuyên Á, Trung Mỹ Tây, Quận 12, Hồ Chí Minh, Vietnam|16|16 m|8000|08
22|23|10.845835|106.613541666667|10.8468783333333|106.61278|3 Xuyên Á, Trung Mỹ Tây, Quận 12, Hồ Chí Minh, Vietnam|3 Xuyên Á, Trung Mỹ Tây, Quận 12, Hồ Chí Minh, Vietnam|143|0.1 km|59000|59
23|24|10.8468783333333|106.61278|10.8470716666667|106.612635|3 Xuyên Á, Trung Mỹ Tây, Quận 12, Hồ Chí Minh, Vietnam|3 Xuyên Á, Trung Mỹ Tây, Quận 12, Hồ Chí Minh, Vietnam|27|27 m|10000|10
24|25|10.8470716666667|106.612635|10.8470716666667|106.612635|3 Xuyên Á, Trung Mỹ Tây, Quận 12, Hồ Chí Minh, Vietnam|3 Xuyên Á, Trung Mỹ Tây, Quận 12, Hồ Chí Minh, Vietnam|0|1 m|10000|10
25|26|10.8470716666667|106.612635|10.8470716666667|106.612635|3 Xuyên Á, Trung Mỹ Tây, Quận 12, Hồ Chí Minh, Vietnam|3 Xuyên Á, Trung Mỹ Tây, Quận 12, Hồ Chí Minh, Vietnam|0|1 m|10000|10
26|27|10.8470716666667|106.612635|10.847145|106.612561666667|3 Xuyên Á, Trung Mỹ Tây, Quận 12, Hồ Chí Minh, Vietnam|3 Xuyên Á, Trung Mỹ Tây, Quận 12, Hồ Chí Minh, Vietnam|11|11 m|5000|05
27|28|10.847145|106.612561666667|10.8474916666667|106.612316666667|3 Xuyên Á, Trung Mỹ Tây, Quận 12, Hồ Chí Minh, Vietnam|166 QL22, Trung Mỹ Tây, Quận 12, Hồ Chí Minh, Vietnam|47|47 m|10000|10
28|29|10.8474916666667|106.612316666667|10.8481166666667|106.611905|166 QL22, Trung Mỹ Tây, Quận 12, Hồ Chí Minh, Vietnam|166 QL22, Trung Mỹ Tây, Quận 12, Hồ Chí Minh, Vietnam|83|83 m|10000|10
29|30|10.8481166666667|106.611905|10.84883|106.611456666667|166 QL22, Trung Mỹ Tây, Quận 12, Hồ Chí Minh, Vietnam|166 Xuyên Á, Trung Mỹ Tây, Quận 12, Hồ Chí Minh, Vietnam|93|93 m|10000|10
30|31|10.84883|106.611456666667|10.8495416666667|106.611001666667|166 Xuyên Á, Trung Mỹ Tây, Quận 12, Hồ Chí Minh, Vietnam|166 Xuyên Á, Trung Mỹ Tây, Quận 12, Hồ Chí Minh, Vietnam|93|93 m|10000|10
31|32|10.8495416666667|106.611001666667|10.8503033333333|106.610516666667|166 Xuyên Á, Trung Mỹ Tây, Quận 12, Hồ Chí Minh, Vietnam|29 Xuyên Á, Bà Điểm, Hóc Môn, Hồ Chí Minh, Vietnam|100|0.1 km|10000|10
32|33|10.8503033333333|106.610516666667|10.8514883333333|106.609743333333|29 Xuyên Á, Bà Điểm, Hóc Môn, Hồ Chí Minh, Vietnam|15D Xuyên Á, Trung Mỹ Tây, Quận 12, Hồ Chí Minh, Vietnam|157|0.2 km|18000|18
33|34|10.8514883333333|106.609743333333|10.8546316666667|106.60782|15D Xuyên Á, Trung Mỹ Tây, Quận 12, Hồ Chí Minh, Vietnam|193D QL22, Trung Mỹ Tây, Quận 12, Hồ Chí Minh, Vietnam|417|0.4 km|81000|01:21
34|35|10.8546316666667|106.60782|10.8546733333333|106.607803333333|193D QL22, Trung Mỹ Tây, Quận 12, Hồ Chí Minh, Vietnam|193D QL22, Trung Mỹ Tây, Quận 12, Hồ Chí Minh, Vietnam|5|5 m|10000|10
35|36|10.8546733333333|106.607803333333|10.8547716666667|106.607706666667|193D QL22, Trung Mỹ Tây, Quận 12, Hồ Chí Minh, Vietnam|193D QL22, Trung Mỹ Tây, Quận 12, Hồ Chí Minh, Vietnam|15|15 m|6000|06
36|37|10.8547716666667|106.607706666667|10.8549233333333|106.607588333333|193D QL22, Trung Mỹ Tây, Quận 12, Hồ Chí Minh, Vietnam|193D QL22, Trung Mỹ Tây, Quận 12, Hồ Chí Minh, Vietnam|21|21 m|10000|10
37|38|10.8549233333333|106.607588333333|10.8549933333333|106.607541666667|193D QL22, Trung Mỹ Tây, Quận 12, Hồ Chí Minh, Vietnam|193D QL22, Trung Mỹ Tây, Quận 12, Hồ Chí Minh, Vietnam|9|9 m|8000|08
38|39|10.8549933333333|106.607541666667|10.8549933333333|106.607541666667|193D QL22, Trung Mỹ Tây, Quận 12, Hồ Chí Minh, Vietnam|193D QL22, Trung Mỹ Tây, Quận 12, Hồ Chí Minh, Vietnam|0|1 m|10000|10
39|40|10.8549933333333|106.607541666667|10.8549933333333|106.607541666667|193D QL22, Trung Mỹ Tây, Quận 12, Hồ Chí Minh, Vietnam|193D QL22, Trung Mỹ Tây, Quận 12, Hồ Chí Minh, Vietnam|0|1 m|10000|10
40|41|10.8549933333333|106.607541666667|10.8552033333333|106.6074|193D QL22, Trung Mỹ Tây, Quận 12, Hồ Chí Minh, Vietnam|193D QL22, Trung Mỹ Tây, Quận 12, Hồ Chí Minh, Vietnam|28|28 m|7000|07
41|42|10.8552033333333|106.6074|10.855625|106.607105|193D QL22, Trung Mỹ Tây, Quận 12, Hồ Chí Minh, Vietnam|193D QL22, Trung Mỹ Tây, Quận 12, Hồ Chí Minh, Vietnam|57|57 m|10000|10
42|43|10.855625|106.607105|10.85631|106.606673333333|193D QL22, Trung Mỹ Tây, Quận 12, Hồ Chí Minh, Vietnam|Xuyên Á, Tân Xuân, Hóc Môn, Hồ Chí Minh, Vietnam|90|90 m|10000|10
43|44|10.85631|106.606673333333|10.8571383333333|106.606113333333|Xuyên Á, Tân Xuân, Hóc Môn, Hồ Chí Minh, Vietnam|Xuyên Á, Tân Xuân, Hóc Môn, Hồ Chí Minh, Vietnam|111|0.1 km|10000|10
44|45|10.8571383333333|106.606113333333|10.8580366666667|106.60549|Xuyên Á, Tân Xuân, Hóc Môn, Hồ Chí Minh, Vietnam|Xuyên Á, Tân Xuân, Hóc Môn, Hồ Chí Minh, Vietnam|121|0.1 km|10000|10
45|46|10.8580366666667|106.60549|10.8590333333333|106.604786666667|Xuyên Á, Tân Xuân, Hóc Môn, Hồ Chí Minh, Vietnam|Xuyên Á, Tân Xuân, Hóc Môn, Hồ Chí Minh, Vietnam|135|0.1 km|10000|10
46|47|10.8590333333333|106.604786666667|10.8598|106.604276666667|Xuyên Á, Tân Xuân, Hóc Môn, Hồ Chí Minh, Vietnam|Xuyên Á, Tân Xuân, Hóc Môn, Hồ Chí Minh, Vietnam|102|0.1 km|10000|10
47|48|10.8598|106.604276666667|10.8599083333333|106.604215|Xuyên Á, Tân Xuân, Hóc Môn, Hồ Chí Minh, Vietnam|Xuyên Á, Tân Xuân, Hóc Môn, Hồ Chí Minh, Vietnam|14|14 m|8000|08
48|49|10.8599083333333|106.604215|10.8599083333333|106.604215|Xuyên Á, Tân Xuân, Hóc Môn, Hồ Chí Minh, Vietnam|Xuyên Á, Tân Xuân, Hóc Môn, Hồ Chí Minh, Vietnam|0|1 m|7000|07
49|50|10.8599083333333|106.604215|10.8599083333333|106.604215|Xuyên Á, Tân Xuân, Hóc Môn, Hồ Chí Minh, Vietnam|Xuyên Á, Tân Xuân, Hóc Môn, Hồ Chí Minh, Vietnam|0|1 m|2000|02
50|51|10.8599083333333|106.604215|10.8599083333333|106.604215|Xuyên Á, Tân Xuân, Hóc Môn, Hồ Chí Minh, Vietnam|Xuyên Á, Tân Xuân, Hóc Môn, Hồ Chí Minh, Vietnam|0|1 m|10000|10
51|52|10.8599083333333|106.604215|10.8600333333333|106.604098333333|Xuyên Á, Tân Xuân, Hóc Môn, Hồ Chí Minh, Vietnam|Xuyên Á, Tân Xuân, Hóc Môn, Hồ Chí Minh, Vietnam|19|19 m|8000|08
52|53|10.8600333333333|106.604098333333|10.8604183333333|106.603783333333|Xuyên Á, Tân Xuân, Hóc Môn, Hồ Chí Minh, Vietnam|37/3 QL22, Trung Chánh, Xuân Thới Đông, Hóc Môn, Hồ Chí Minh, Vietnam|55|55 m|10000|10
53|54|10.8604183333333|106.603783333333|10.8606483333333|106.603608333333|37/3 QL22, Trung Chánh, Xuân Thới Đông, Hóc Môn, Hồ Chí Minh, Vietnam|37/3 QL22, Trung Chánh, Xuân Thới Đông, Hóc Môn, Hồ Chí Minh, Vietnam|32|32 m|10000|10
54|55|10.8606483333333|106.603608333333|10.8606483333333|106.603608333333|37/3 QL22, Trung Chánh, Xuân Thới Đông, Hóc Môn, Hồ Chí Minh, Vietnam|37/3 QL22, Trung Chánh, Xuân Thới Đông, Hóc Môn, Hồ Chí Minh, Vietnam|0|1 m|3000|03
55|56|10.8606483333333|106.603608333333|10.8607166666667|106.603563333333|37/3 QL22, Trung Chánh, Xuân Thới Đông, Hóc Môn, Hồ Chí Minh, Vietnam|37/3 QL22, Trung Chánh, Xuân Thới Đông, Hóc Môn, Hồ Chí Minh, Vietnam|9|9 m|9000|09
56|57|10.8607166666667|106.603563333333|10.861095|106.603301666667|37/3 QL22, Trung Chánh, Xuân Thới Đông, Hóc Môn, Hồ Chí Minh, Vietnam|37/3 QL22, Trung Chánh, Xuân Thới Đông, Hóc Môn, Hồ Chí Minh, Vietnam|51|51 m|10000|10
57|58|10.861095|106.603301666667|10.8617183333333|106.602861666667|37/3 QL22, Trung Chánh, Xuân Thới Đông, Hóc Môn, Hồ Chí Minh, Vietnam|37/3 QL22, Trung Chánh, Xuân Thới Đông, Hóc Môn, Hồ Chí Minh, Vietnam|85|85 m|10000|10
58|59|10.8617183333333|106.602861666667|10.862055|106.602673333333|37/3 QL22, Trung Chánh, Xuân Thới Đông, Hóc Môn, Hồ Chí Minh, Vietnam|37/3 QL22, Trung Chánh, Xuân Thới Đông, Hóc Môn, Hồ Chí Minh, Vietnam|42|42 m|10000|10
59|60|10.862055|106.602673333333|10.8621466666667|106.602605|37/3 QL22, Trung Chánh, Xuân Thới Đông, Hóc Môn, Hồ Chí Minh, Vietnam|Xuyên Á, Tân Xuân, Hóc Môn, Hồ Chí Minh, Vietnam|13|13 m|8000|08
60|61|10.8621466666667|106.602605|10.8627366666667|106.602133333333|Xuyên Á, Tân Xuân, Hóc Môn, Hồ Chí Minh, Vietnam|Xuyên Á, Tân Xuân, Hóc Môn, Hồ Chí Minh, Vietnam|83|83 m|10000|10
61|62|10.8627366666667|106.602133333333|10.86359|106.601476666667|Xuyên Á, Tân Xuân, Hóc Môn, Hồ Chí Minh, Vietnam|Xuyên Á, Tân Xuân, Hóc Môn, Hồ Chí Minh, Vietnam|119|0.1 km|10000|10
62|63|10.86359|106.601476666667|10.864425|106.600945|Xuyên Á, Tân Xuân, Hóc Môn, Hồ Chí Minh, Vietnam|Xuyên Á, Tân Xuân, Hóc Môn, Hồ Chí Minh, Vietnam|109|0.1 km|10000|10
63|64|10.864425|106.600945|10.8653083333333|106.600271666667|Xuyên Á, Tân Xuân, Hóc Môn, Hồ Chí Minh, Vietnam|Xuyên Á, Tân Xuân, Hóc Môn, Hồ Chí Minh, Vietnam|123|0.1 km|10000|10
64|65|10.8653083333333|106.600271666667|10.8664766666667|106.599428333333|Xuyên Á, Tân Xuân, Hóc Môn, Hồ Chí Minh, Vietnam|Xuyên Á, Tân Xuân, Hóc Môn, Hồ Chí Minh, Vietnam|159|0.2 km|10000|10
65|66|10.8664766666667|106.599428333333|10.8674716666667|106.598801666667|Xuyên Á, Tân Xuân, Hóc Môn, Hồ Chí Minh, Vietnam|73/3C QL22, Xuân Thới Đông, Hóc Môn, Hồ Chí Minh, Vietnam|2751|2.8 km|10000|10
66|67|10.8674716666667|106.598801666667|10.8681783333333|106.598313333333|73/3C QL22, Xuân Thới Đông, Hóc Môn, Hồ Chí Minh, Vietnam|73/3C QL22, Xuân Thới Đông, Hóc Môn, Hồ Chí Minh, Vietnam|95|0.1 km|10000|10
67|68|10.8681783333333|106.598313333333|10.8688533333333|106.597845|73/3C QL22, Xuân Thới Đông, Hóc Môn, Hồ Chí Minh, Vietnam|73/3C QL22, Xuân Thới Đông, Hóc Môn, Hồ Chí Minh, Vietnam|91|91 m|10000|10
68|69|10.8688533333333|106.597845|10.869385|106.597483333333|73/3C QL22, Xuân Thới Đông, Hóc Môn, Hồ Chí Minh, Vietnam|1 QL22, Tân Xuân, Hóc Môn, Hồ Chí Minh, Vietnam|71|71 m|10000|10
69|70|10.869385|106.597483333333|10.8699283333333|106.597101666667|1 QL22, Tân Xuân, Hóc Môn, Hồ Chí Minh, Vietnam|1 QL22, Tân Xuân, Hóc Môn, Hồ Chí Minh, Vietnam|73|73 m|10000|10
70|71|10.8699283333333|106.597101666667|10.8703983333333|106.59672|1 QL22, Tân Xuân, Hóc Môn, Hồ Chí Minh, Vietnam|1/1B QL22, Tân Xuân, Hóc Môn, Hồ Chí Minh, Vietnam|67|67 m|10000|10
71|72|10.8703983333333|106.59672|10.8710583333333|106.596205|1/1B QL22, Tân Xuân, Hóc Môn, Hồ Chí Minh, Vietnam|3 QL22, Tân Xuân, Hóc Môn, Hồ Chí Minh, Vietnam|100|0.1 km|10000|10
72|73|10.8710583333333|106.596205|10.8718416666667|106.595653333333|3 QL22, Tân Xuân, Hóc Môn, Hồ Chí Minh, Vietnam|3 Xuyên Á, Tân Xuân, Hóc Môn, Hồ Chí Minh, Vietnam|106|0.1 km|10000|10
73|74|10.8718416666667|106.595653333333|10.8727|106.595046666667|3 Xuyên Á, Tân Xuân, Hóc Môn, Hồ Chí Minh, Vietnam|3 Xuyên Á, Tân Xuân, Hóc Môn, Hồ Chí Minh, Vietnam|116|0.1 km|10000|10
74|75|10.8727|106.595046666667|10.8735433333333|106.594446666667|3 Xuyên Á, Tân Xuân, Hóc Môn, Hồ Chí Minh, Vietnam|3 Xuyên Á, Tân Xuân, Hóc Môn, Hồ Chí Minh, Vietnam|114|0.1 km|10000|10
75|76|10.8735433333333|106.594446666667|10.874405|106.593831666667|3 Xuyên Á, Tân Xuân, Hóc Môn, Hồ Chí Minh, Vietnam|3 Xuyên Á, Tân Xuân, Hóc Môn, Hồ Chí Minh, Vietnam|117|0.1 km|10000|10
76|77|10.874405|106.593831666667|10.875285|106.593243333333|3 Xuyên Á, Tân Xuân, Hóc Môn, Hồ Chí Minh, Vietnam|3 Xuyên Á, Tân Xuân, Hóc Môn, Hồ Chí Minh, Vietnam|117|0.1 km|10000|10
77|78|10.875285|106.593243333333|10.876085|106.592686666667|42/1B QL22, Xuân Thới Đông, Hóc Môn, Hồ Chí Minh, Vietnam|42/1B QL22, Xuân Thới Đông, Hóc Môn, Hồ Chí Minh, Vietnam|108|0.1 km|10000|10
78|79|10.876085|106.592686666667|10.8768866666667|106.592128333333|42/1B QL22, Xuân Thới Đông, Hóc Môn, Hồ Chí Minh, Vietnam|27 QL22, Xuân Thới Đông, Hóc Môn, Hồ Chí Minh, Vietnam|108|0.1 km|10000|10
79|80|10.8768866666667|106.592128333333|10.8774433333333|106.591748333333|27 QL22, Xuân Thới Đông, Hóc Môn, Hồ Chí Minh, Vietnam|27 QL22, Xuân Thới Đông, Hóc Môn, Hồ Chí Minh, Vietnam|75|75 m|10000|10
80|81|10.8774433333333|106.591748333333|10.87755|106.59164|27 QL22, Xuân Thới Đông, Hóc Môn, Hồ Chí Minh, Vietnam|27 QL22, Xuân Thới Đông, Hóc Môn, Hồ Chí Minh, Vietnam|16|16 m|7000|07
81|82|10.87755|106.59164|10.87755|106.59164|27 QL22, Xuân Thới Đông, Hóc Môn, Hồ Chí Minh, Vietnam|27 QL22, Xuân Thới Đông, Hóc Môn, Hồ Chí Minh, Vietnam|0|1 m|10000|10
82|83|10.87755|106.59164|10.8776333333333|106.59155|27 QL22, Xuân Thới Đông, Hóc Môn, Hồ Chí Minh, Vietnam|27 QL22, Xuân Thới Đông, Hóc Môn, Hồ Chí Minh, Vietnam|2389|2.4 km|10000|10
83|84|10.8776333333333|106.59155|10.87767|106.591508333333|27 QL22, Xuân Thới Đông, Hóc Môn, Hồ Chí Minh, Vietnam|27 QL22, Xuân Thới Đông, Hóc Môn, Hồ Chí Minh, Vietnam|6|6 m|2000|02
84|85|10.87767|106.591508333333|10.8782166666667|106.591105|27 QL22, Xuân Thới Đông, Hóc Môn, Hồ Chí Minh, Vietnam|27 QL22, Xuân Thới Đông, Hóc Môn, Hồ Chí Minh, Vietnam|75|75 m|10000|10
85|86|10.8782166666667|106.591105|10.8791|106.590476666667|27 QL22, Xuân Thới Đông, Hóc Môn, Hồ Chí Minh, Vietnam|27 QL22, Xuân Thới Đông, Hóc Môn, Hồ Chí Minh, Vietnam|120|0.1 km|10000|10
86|87|10.8791|106.590476666667|10.8801916666667|106.589715|27 QL22, Xuân Thới Đông, Hóc Môn, Hồ Chí Minh, Vietnam|27 QL22, Xuân Thới Đông, Hóc Môn, Hồ Chí Minh, Vietnam|147|0.1 km|10000|10
87|88|10.8801916666667|106.589715|10.8811266666667|106.589088333333|27 QL22, Xuân Thới Đông, Hóc Môn, Hồ Chí Minh, Vietnam|27 QL22, Xuân Thới Đông, Hóc Môn, Hồ Chí Minh, Vietnam|124|0.1 km|10000|10
88|89|10.8811266666667|106.589088333333|10.8818433333333|106.588608333333|27 QL22, Xuân Thới Đông, Hóc Môn, Hồ Chí Minh, Vietnam|27 QL22, Xuân Thới Đông, Hóc Môn, Hồ Chí Minh, Vietnam|95|0.1 km|10000|10
89|90|10.8818433333333|106.588608333333|10.8824366666667|106.588213333333|27 QL22, Xuân Thới Đông, Hóc Môn, Hồ Chí Minh, Vietnam|27 QL22, Xuân Thới Đông, Hóc Môn, Hồ Chí Minh, Vietnam|79|79 m|10000|10
90|91|10.8824366666667|106.588213333333|10.8827083333333|106.588006666667|27 QL22, Xuân Thới Đông, Hóc Môn, Hồ Chí Minh, Vietnam|88/1B QL22, Hóc Môn, Hồ Chí Minh, Vietnam|38|38 m|10000|10
91|92|10.8827083333333|106.588006666667|10.8829666666667|106.587798333333|88/1B QL22, Hóc Môn, Hồ Chí Minh, Vietnam|88/1B QL22, Hóc Môn, Hồ Chí Minh, Vietnam|2109|2.1 km|10000|10
92|93|10.8829666666667|106.587798333333|10.8831466666667|106.58768|88/1B QL22, Hóc Môn, Hồ Chí Minh, Vietnam|88/1B QL22, Hóc Môn, Hồ Chí Minh, Vietnam|24|24 m|10000|10
93|94|10.8831466666667|106.58768|10.8831466666667|106.58768|88/1B QL22, Hóc Môn, Hồ Chí Minh, Vietnam|88/1B QL22, Hóc Môn, Hồ Chí Minh, Vietnam|0|1 m|1000|01
94|95|10.8831466666667|106.58768|10.8832366666667|106.587621666667|88/1B QL22, Hóc Môn, Hồ Chí Minh, Vietnam|88/1B QL22, Hóc Môn, Hồ Chí Minh, Vietnam|12|12 m|10000|10
95|96|10.8832366666667|106.587621666667|10.8837483333333|106.587255|88/1B QL22, Hóc Môn, Hồ Chí Minh, Vietnam|88/1B QL22, Hóc Môn, Hồ Chí Minh, Vietnam|70|70 m|10000|10
96|97|10.8837483333333|106.587255|10.8843183333333|106.586906666667|88/1B QL22, Hóc Môn, Hồ Chí Minh, Vietnam|88/1B QL22, Hóc Môn, Hồ Chí Minh, Vietnam|82|82 m|9000|09
97|98|10.8843183333333|106.586906666667|10.8844466666667|106.586836666667|88/1B QL22, Hóc Môn, Hồ Chí Minh, Vietnam|88/1B QL22, Hóc Môn, Hồ Chí Minh, Vietnam|16|16 m|6000|06
98|99|10.8844466666667|106.586836666667|10.8844983333333|106.586795|88/1B QL22, Hóc Môn, Hồ Chí Minh, Vietnam|88/1B QL22, Hóc Môn, Hồ Chí Minh, Vietnam|7|7 m|9000|09
99|100|10.8844983333333|106.586795|10.8849983333333|106.58639|88/1B QL22, Hóc Môn, Hồ Chí Minh, Vietnam|88/1B QL22, Hóc Môn, Hồ Chí Minh, Vietnam|2289|2.3 km|10000|10
100|101|10.8849983333333|106.58639|10.8856|106.585946666667|88/1B QL22, Hóc Môn, Hồ Chí Minh, Vietnam|88/1B QL22, Hóc Môn, Hồ Chí Minh, Vietnam|83|83 m|10000|10
101|102|10.8856|106.585946666667|10.8863816666667|106.585385|88/1B QL22, Hóc Môn, Hồ Chí Minh, Vietnam|88/1B QL22, Hóc Môn, Hồ Chí Minh, Vietnam|106|0.1 km|10000|10
102|103|10.8863816666667|106.585385|10.8873283333333|106.58471|88/1B QL22, Hóc Môn, Hồ Chí Minh, Vietnam|88/1B QL22, Hóc Môn, Hồ Chí Minh, Vietnam|128|0.1 km|10000|10
103|104|10.8873283333333|106.58471|10.888365|106.583933333333|88/1B QL22, Hóc Môn, Hồ Chí Minh, Vietnam|88/1B QL22, Hóc Môn, Hồ Chí Minh, Vietnam|143|0.1 km|10000|10
104|105|10.888365|106.583933333333|10.88937|106.583226666667|88/1B QL22, Hóc Môn, Hồ Chí Minh, Vietnam|88/1B QL22, Hóc Môn, Hồ Chí Minh, Vietnam|1025|1.0 km|10000|10
105|106|10.88937|106.583226666667|10.8903483333333|106.58255|88/1B QL22, Hóc Môn, Hồ Chí Minh, Vietnam|88/1B QL22, Hóc Môn, Hồ Chí Minh, Vietnam|2231|2.2 km|10000|10
106|107|10.8903483333333|106.58255|10.89131|106.58191|88/1B QL22, Hóc Môn, Hồ Chí Minh, Vietnam|88/1B QL22, Hóc Môn, Hồ Chí Minh, Vietnam|1863|1.9 km|10000|10
107|108|10.89131|106.58191|10.8921033333333|106.581361666667|88/1B QL22, Hóc Môn, Hồ Chí Minh, Vietnam|88/1B QL22, Hóc Môn, Hồ Chí Minh, Vietnam|107|0.1 km|10000|10
108|109|10.8921033333333|106.581361666667|10.8923833333333|106.581175|88/1B QL22, Hóc Môn, Hồ Chí Minh, Vietnam|88/1B QL22, Hóc Môn, Hồ Chí Minh, Vietnam|37|37 m|10000|10
109|110|10.8923833333333|106.581175|10.8923833333333|106.581175|88/1B QL22, Hóc Môn, Hồ Chí Minh, Vietnam|88/1B QL22, Hóc Môn, Hồ Chí Minh, Vietnam|0|1 m|10000|10
110|111|10.8923833333333|106.581175|10.8923833333333|106.581175|88/1B QL22, Hóc Môn, Hồ Chí Minh, Vietnam|88/1B QL22, Hóc Môn, Hồ Chí Minh, Vietnam|0|1 m|10000|10
111|112|10.8923833333333|106.581175|10.8923833333333|106.581175|88/1B QL22, Hóc Môn, Hồ Chí Minh, Vietnam|88/1B QL22, Hóc Môn, Hồ Chí Minh, Vietnam|0|1 m|10000|10
112|113|10.8923833333333|106.581175|10.892525|106.581085|88/1B QL22, Hóc Môn, Hồ Chí Minh, Vietnam|88/1B QL22, Hóc Môn, Hồ Chí Minh, Vietnam|19|19 m|6000|06
113|114|10.892525|106.581085|10.8930833333333|106.580685|88/1B QL22, Hóc Môn, Hồ Chí Minh, Vietnam|88/1B QL22, Hóc Môn, Hồ Chí Minh, Vietnam|76|76 m|10000|10
114|115|10.8930833333333|106.580685|10.8939933333333|106.580061666667|88/1B QL22, Hóc Môn, Hồ Chí Minh, Vietnam|Xuyên Á, Thống Nhất 1, Tân Thới Nhì, Hóc Môn, Hồ Chí Minh, Vietnam|122|0.1 km|10000|10
115|116|10.8939933333333|106.580061666667|10.895125|106.579253333333|Xuyên Á, Thống Nhất 1, Tân Thới Nhì, Hóc Môn, Hồ Chí Minh, Vietnam|Xuyên Á, Thống Nhất 1, Tân Thới Nhì, Hóc Môn, Hồ Chí Minh, Vietnam|154|0.2 km|10000|10
116|117|10.895125|106.579253333333|10.8964766666667|106.57829|Xuyên Á, Thống Nhất 1, Tân Thới Nhì, Hóc Môn, Hồ Chí Minh, Vietnam|Xuyên Á, Thống Nhất 1, Tân Thới Nhì, Hóc Môn, Hồ Chí Minh, Vietnam|183|0.2 km|10000|10
117|118|10.8964766666667|106.57829|10.8978666666667|106.577331666667|Xuyên Á, Thống Nhất 1, Tân Thới Nhì, Hóc Môn, Hồ Chí Minh, Vietnam|Xuyên Á, Thống Nhất 1, Tân Thới Nhì, Hóc Môn, Hồ Chí Minh, Vietnam|187|0.2 km|10000|10
118|119|10.8978666666667|106.577331666667|10.898995|106.576558333333|Xuyên Á, Thống Nhất 1, Tân Thới Nhì, Hóc Môn, Hồ Chí Minh, Vietnam|Xuyên Á, Thống Nhất 1, Tân Thới Nhì, Hóc Môn, Hồ Chí Minh, Vietnam|151|0.2 km|10000|10
119|120|10.898995|106.576558333333|10.8997133333333|106.576113333333|Xuyên Á, Thống Nhất 1, Tân Thới Nhì, Hóc Môn, Hồ Chí Minh, Vietnam|Xuyên Á, Thống Nhất 1, Tân Thới Nhì, Hóc Môn, Hồ Chí Minh, Vietnam|93|93 m|10000|10
120|121|10.8997133333333|106.576113333333|10.8999433333333|106.576005|Xuyên Á, Thống Nhất 1, Tân Thới Nhì, Hóc Môn, Hồ Chí Minh, Vietnam|Xuyên Á, Thống Nhất 1, Tân Thới Nhì, Hóc Môn, Hồ Chí Minh, Vietnam|28|28 m|8000|08
121|122|10.8999433333333|106.576005|10.900005|106.575948333333|Xuyên Á, Thống Nhất 1, Tân Thới Nhì, Hóc Môn, Hồ Chí Minh, Vietnam|Xuyên Á, Thống Nhất 1, Tân Thới Nhì, Hóc Môn, Hồ Chí Minh, Vietnam|9|9 m|2000|02
122|123|10.900005|106.575948333333|10.9004266666667|106.575601666667|Xuyên Á, Thống Nhất 1, Tân Thới Nhì, Hóc Môn, Hồ Chí Minh, Vietnam|Xuyên Á, Tân Hiệp, Hóc Môn, Hồ Chí Minh, Vietnam|60|60 m|10000|10
123|124|10.9004266666667|106.575601666667|10.9012333333333|106.575005|Xuyên Á, Tân Hiệp, Hóc Môn, Hồ Chí Minh, Vietnam|Xuyên Á, Tân Hiệp, Hóc Môn, Hồ Chí Minh, Vietnam|6176|6.2 km|10000|10
124|125|10.9012333333333|106.575005|10.9024016666667|106.574171666667|Xuyên Á, Tân Hiệp, Hóc Môn, Hồ Chí Minh, Vietnam|Xuyên Á, Tân Hiệp, Hóc Môn, Hồ Chí Minh, Vietnam|159|0.2 km|10000|10
125|126|10.9024016666667|106.574171666667|10.9037966666667|106.573173333333|Xuyên Á, Tân Hiệp, Hóc Môn, Hồ Chí Minh, Vietnam|Xuyên Á, Tân Thới 3, Tân Hiệp, Hóc Môn, Hồ Chí Minh, Vietnam|190|0.2 km|10000|10
126|127|10.9037966666667|106.573173333333|10.905205|106.572185|Xuyên Á, Tân Thới 3, Tân Hiệp, Hóc Môn, Hồ Chí Minh, Vietnam|Xuyên Á, Tân Thới 3, Tân Hiệp, Hóc Môn, Hồ Chí Minh, Vietnam|190|0.2 km|10000|10
127|128|10.905205|106.572185|10.9064916666667|106.57127|Xuyên Á, Tân Thới 3, Tân Hiệp, Hóc Môn, Hồ Chí Minh, Vietnam|Xuyên Á, Tân Thới 3, Tân Hiệp, Hóc Môn, Hồ Chí Minh, Vietnam|174|0.2 km|10000|10
128|129|10.9064916666667|106.57127|10.90794|106.570288333333|Xuyên Á, Tân Thới 3, Tân Hiệp, Hóc Môn, Hồ Chí Minh, Vietnam|Xuyên Á, Tân Thới 3, Tân Hiệp, Hóc Môn, Hồ Chí Minh, Vietnam|193|0.2 km|10000|10
129|130|10.90794|106.570288333333|10.90948|106.569208333333|Xuyên Á, Tân Thới 3, Tân Hiệp, Hóc Môn, Hồ Chí Minh, Vietnam|Xuyên Á, Tân Thới 3, Tân Hiệp, Hóc Môn, Hồ Chí Minh, Vietnam|208|0.2 km|10000|10
130|131|10.90948|106.569208333333|10.9106483333333|106.56839|Xuyên Á, Tân Thới 3, Tân Hiệp, Hóc Môn, Hồ Chí Minh, Vietnam|Xuyên Á, Tân Thới 3, Tân Hiệp, Hóc Môn, Hồ Chí Minh, Vietnam|158|0.2 km|10000|10
131|132|10.9106483333333|106.56839|10.91161|106.567698333333|Xuyên Á, Tân Thới 3, Tân Hiệp, Hóc Môn, Hồ Chí Minh, Vietnam|Xuyên Á, Tân Thới 3, Tân Hiệp, Hóc Môn, Hồ Chí Minh, Vietnam|131|0.1 km|10000|10
132|133|10.91161|106.567698333333|10.9126983333333|106.566913333333|Xuyên Á, Tân Thới 3, Tân Hiệp, Hóc Môn, Hồ Chí Minh, Vietnam|Xuyên Á, Tân Hiệp, Hóc Môn, Hồ Chí Minh, Vietnam|148|0.1 km|10000|10
133|134|10.9126983333333|106.566913333333|10.9139733333333|106.566043333333|Xuyên Á, Tân Hiệp, Hóc Môn, Hồ Chí Minh, Vietnam|Xuyên Á, Tân Hiệp, Hóc Môn, Hồ Chí Minh, Vietnam|171|0.2 km|10000|10
134|135|10.9139733333333|106.566043333333|10.9152733333333|106.565151666667|Xuyên Á, Tân Hiệp, Hóc Môn, Hồ Chí Minh, Vietnam|Xuyên Á, Tân Hiệp, Hóc Môn, Hồ Chí Minh, Vietnam|174|0.2 km|10000|10
135|136|10.9152733333333|106.565151666667|10.9164666666667|106.564308333333|Xuyên Á, Tân Hiệp, Hóc Môn, Hồ Chí Minh, Vietnam|Xuyên Á, Tân Thới 3, Tân Hiệp, Hóc Môn, Hồ Chí Minh, Vietnam|162|0.2 km|10000|10
136|137|10.9164666666667|106.564308333333|10.9177066666667|106.563456666667|Xuyên Á, Tân Thới 3, Tân Hiệp, Hóc Môn, Hồ Chí Minh, Vietnam|Xuyên Á, Tân Thới 3, Tân Hiệp, Hóc Môn, Hồ Chí Minh, Vietnam|166|0.2 km|10000|10
137|138|10.9177066666667|106.563456666667|10.918745|106.56274|Xuyên Á, Tân Thới 3, Tân Hiệp, Hóc Môn, Hồ Chí Minh, Vietnam|Xuyên Á, ấp Chợ, Tân Phú Trung, Củ Chi, Hồ Chí Minh, Vietnam|139|0.1 km|10000|10
138|139|10.918745|106.56274|10.91997|106.561858333333|Xuyên Á, ấp Chợ, Tân Phú Trung, Củ Chi, Hồ Chí Minh, Vietnam|Xuyên Á, ấp Chợ, Tân Phú Trung, Củ Chi, Hồ Chí Minh, Vietnam|167|0.2 km|10000|10
139|140|10.91997|106.561858333333|10.92138|106.560878333333|Xuyên Á, ấp Chợ, Tân Phú Trung, Củ Chi, Hồ Chí Minh, Vietnam|Xuyên Á, ấp Chợ, Tân Phú Trung, Củ Chi, Hồ Chí Minh, Vietnam|190|0.2 km|10000|10
140|141|10.92138|106.560878333333|10.9227083333333|106.559958333333|Xuyên Á, ấp Chợ, Tân Phú Trung, Củ Chi, Hồ Chí Minh, Vietnam|Xuyên Á, ấp Chợ, Tân Phú Trung, Củ Chi, Hồ Chí Minh, Vietnam|179|0.2 km|10000|10
141|142|10.9227083333333|106.559958333333|10.924135|106.558956666667|Xuyên Á, ấp Chợ, Tân Phú Trung, Củ Chi, Hồ Chí Minh, Vietnam|Xuyên Á, ấp Chợ, Tân Phú Trung, Củ Chi, Hồ Chí Minh, Vietnam|193|0.2 km|11000|11
142|143|10.924135|106.558956666667|10.925105|106.558278333333|Xuyên Á, ấp Chợ, Tân Phú Trung, Củ Chi, Hồ Chí Minh, Vietnam|59 QL22, Tân Phú Trung, Củ Chi, Hồ Chí Minh, Vietnam|131|0.1 km|10000|10
143|144|10.925105|106.558278333333|10.925935|106.557698333333|59 QL22, Tân Phú Trung, Củ Chi, Hồ Chí Minh, Vietnam|59 QL22, Tân Phú Trung, Củ Chi, Hồ Chí Minh, Vietnam|112|0.1 km|10000|10
144|145|10.925935|106.557698333333|10.9264833333333|106.557343333333|59 QL22, Tân Phú Trung, Củ Chi, Hồ Chí Minh, Vietnam|59 QL22, Tân Phú Trung, Củ Chi, Hồ Chí Minh, Vietnam|72|72 m|10000|10
145|146|10.9264833333333|106.557343333333|10.92692|106.557046666667|59 QL22, Tân Phú Trung, Củ Chi, Hồ Chí Minh, Vietnam|59 QL22, Tân Phú Trung, Củ Chi, Hồ Chí Minh, Vietnam|58|58 m|9000|09
146|147|10.92692|106.557046666667|10.9269583333333|106.55702|59 QL22, Tân Phú Trung, Củ Chi, Hồ Chí Minh, Vietnam|59 QL22, Tân Phú Trung, Củ Chi, Hồ Chí Minh, Vietnam|5|5 m|1000|01
147|148|10.9269583333333|106.55702|10.927085|106.556933333333|59 QL22, Tân Phú Trung, Củ Chi, Hồ Chí Minh, Vietnam|59 QL22, Tân Phú Trung, Củ Chi, Hồ Chí Minh, Vietnam|14|14 m|7000|07
148|149|10.927085|106.556933333333|10.927085|106.556933333333|59 QL22, Tân Phú Trung, Củ Chi, Hồ Chí Minh, Vietnam|59 QL22, Tân Phú Trung, Củ Chi, Hồ Chí Minh, Vietnam|0|1 m|10000|10
149|150|10.927085|106.556933333333|10.9272616666667|106.556805|59 QL22, Tân Phú Trung, Củ Chi, Hồ Chí Minh, Vietnam|59 QL22, Tân Phú Trung, Củ Chi, Hồ Chí Minh, Vietnam|24|24 m|6000|06
150|151|10.9272616666667|106.556805|10.9274416666667|106.556708333333|59 QL22, Tân Phú Trung, Củ Chi, Hồ Chí Minh, Vietnam|59 QL22, Tân Phú Trung, Củ Chi, Hồ Chí Minh, Vietnam|22|22 m|5000|05
151|152|10.9274416666667|106.556708333333|10.9275433333333|106.55664|59 QL22, Tân Phú Trung, Củ Chi, Hồ Chí Minh, Vietnam|59 QL22, Tân Phú Trung, Củ Chi, Hồ Chí Minh, Vietnam|14|14 m|6000|06
152|153|10.9275433333333|106.55664|10.9275433333333|106.55664|59 QL22, Tân Phú Trung, Củ Chi, Hồ Chí Minh, Vietnam|59 QL22, Tân Phú Trung, Củ Chi, Hồ Chí Minh, Vietnam|0|1 m|10000|10
153|154|10.9275433333333|106.55664|10.9275916666667|106.556593333333|59 QL22, Tân Phú Trung, Củ Chi, Hồ Chí Minh, Vietnam|59 QL22, Tân Phú Trung, Củ Chi, Hồ Chí Minh, Vietnam|7|7 m|10000|10
154|155|10.9275916666667|106.556593333333|10.92767|106.556545|59 QL22, Tân Phú Trung, Củ Chi, Hồ Chí Minh, Vietnam|59 QL22, Tân Phú Trung, Củ Chi, Hồ Chí Minh, Vietnam|10|10 m|3000|03
155|156|10.92767|106.556545|10.9281533333333|106.556196666667|59 QL22, Tân Phú Trung, Củ Chi, Hồ Chí Minh, Vietnam|59 QL22, Tân Phú Trung, Củ Chi, Hồ Chí Minh, Vietnam|66|66 m|10000|10
156|157|10.9281533333333|106.556196666667|10.9289716666667|106.555616666667|59 QL22, Tân Phú Trung, Củ Chi, Hồ Chí Minh, Vietnam|59 QL22, Tân Phú Trung, Củ Chi, Hồ Chí Minh, Vietnam|111|0.1 km|10000|10
157|158|10.9289716666667|106.555616666667|10.9299283333333|106.554901666667|59 QL22, Tân Phú Trung, Củ Chi, Hồ Chí Minh, Vietnam|59 QL22, Tân Phú Trung, Củ Chi, Hồ Chí Minh, Vietnam|132|0.1 km|10000|10
158|159|10.9299283333333|106.554901666667|10.9308833333333|106.55405|59 QL22, Tân Phú Trung, Củ Chi, Hồ Chí Minh, Vietnam|59 QL22, Tân Phú Trung, Củ Chi, Hồ Chí Minh, Vietnam|141|0.1 km|10000|10
159|160|10.9308833333333|106.55405|10.931175|106.553835|59 QL22, Tân Phú Trung, Củ Chi, Hồ Chí Minh, Vietnam|59 QL22, Tân Phú Trung, Củ Chi, Hồ Chí Minh, Vietnam|40|40 m|5000|05
160|161|10.931175|106.553835|10.9312083333333|106.553811666667|59 QL22, Tân Phú Trung, Củ Chi, Hồ Chí Minh, Vietnam|59 QL22, Tân Phú Trung, Củ Chi, Hồ Chí Minh, Vietnam|4|4 m|1000|01
161|162|10.9312083333333|106.553811666667|10.9312716666667|106.553753333333|59 QL22, Tân Phú Trung, Củ Chi, Hồ Chí Minh, Vietnam|59 QL22, Tân Phú Trung, Củ Chi, Hồ Chí Minh, Vietnam|10|10 m|6000|06
162|163|10.9312716666667|106.553753333333|10.9313283333333|106.553685|59 QL22, Tân Phú Trung, Củ Chi, Hồ Chí Minh, Vietnam|59 QL22, Tân Phú Trung, Củ Chi, Hồ Chí Minh, Vietnam|10|10 m|9000|09
163|164|10.9313283333333|106.553685|10.93177|106.553268333333|59 QL22, Tân Phú Trung, Củ Chi, Hồ Chí Minh, Vietnam|59 QL22, Tân Phú Trung, Củ Chi, Hồ Chí Minh, Vietnam|67|67 m|10000|10
164|165|10.93177|106.553268333333|10.9324416666667|106.552643333333|59 QL22, Tân Phú Trung, Củ Chi, Hồ Chí Minh, Vietnam|59 QL22, Tân Phú Trung, Củ Chi, Hồ Chí Minh, Vietnam|101|0.1 km|10000|10
165|166|10.9324416666667|106.552643333333|10.9332183333333|106.551926666667|59 QL22, Tân Phú Trung, Củ Chi, Hồ Chí Minh, Vietnam|59 QL22, Tân Phú Trung, Củ Chi, Hồ Chí Minh, Vietnam|116|0.1 km|10000|10
166|167|10.9332183333333|106.551926666667|10.9339383333333|106.55112|59 QL22, Tân Phú Trung, Củ Chi, Hồ Chí Minh, Vietnam|59 QL22, Tân Phú Trung, Củ Chi, Hồ Chí Minh, Vietnam|119|0.1 km|10000|10
167|168|10.9339383333333|106.55112|10.9343833333333|106.55056|59 QL22, Tân Phú Trung, Củ Chi, Hồ Chí Minh, Vietnam|59 QL22, Tân Phú Trung, Củ Chi, Hồ Chí Minh, Vietnam|79|79 m|10000|10
168|169|10.9343833333333|106.55056|10.9346|106.550225|59 QL22, Tân Phú Trung, Củ Chi, Hồ Chí Minh, Vietnam|59 QL22, Tân Phú Trung, Củ Chi, Hồ Chí Minh, Vietnam|43|43 m|7000|07
169|170|10.9346|106.550225|10.9346183333333|106.550193333333|59 QL22, Tân Phú Trung, Củ Chi, Hồ Chí Minh, Vietnam|59 QL22, Tân Phú Trung, Củ Chi, Hồ Chí Minh, Vietnam|4|4 m|1000|01
170|171|10.9346183333333|106.550193333333|10.93464|106.550148333333|59 QL22, Tân Phú Trung, Củ Chi, Hồ Chí Minh, Vietnam|59 QL22, Tân Phú Trung, Củ Chi, Hồ Chí Minh, Vietnam|5|5 m|3000|03
171|172|10.93464|106.550148333333|10.93464|106.550148333333|59 QL22, Tân Phú Trung, Củ Chi, Hồ Chí Minh, Vietnam|59 QL22, Tân Phú Trung, Củ Chi, Hồ Chí Minh, Vietnam|0|1 m|10000|10
172|173|10.93464|106.550148333333|10.93464|106.550148333333|59 QL22, Tân Phú Trung, Củ Chi, Hồ Chí Minh, Vietnam|59 QL22, Tân Phú Trung, Củ Chi, Hồ Chí Minh, Vietnam|0|1 m|10000|10
173|174|10.93464|106.550148333333|10.9346716666667|106.550028333333|59 QL22, Tân Phú Trung, Củ Chi, Hồ Chí Minh, Vietnam|59 QL22, Tân Phú Trung, Củ Chi, Hồ Chí Minh, Vietnam|13|13 m|8000|08
174|175|10.9346716666667|106.550028333333|10.9349183333333|106.549488333333|59 QL22, Tân Phú Trung, Củ Chi, Hồ Chí Minh, Vietnam|59 QL22, Tân Phú Trung, Củ Chi, Hồ Chí Minh, Vietnam|65|65 m|10000|10
175|176|10.9349183333333|106.549488333333|10.9353333333333|106.54864|59 QL22, Tân Phú Trung, Củ Chi, Hồ Chí Minh, Vietnam|59 QL22, Tân Phú Trung, Củ Chi, Hồ Chí Minh, Vietnam|103|0.1 km|10000|10
176|177|10.9353333333333|106.54864|10.9358566666667|106.547568333333|59 QL22, Tân Phú Trung, Củ Chi, Hồ Chí Minh, Vietnam|59 QL22, Tân Phú Trung, Củ Chi, Hồ Chí Minh, Vietnam|131|0.1 km|10000|10
177|178|10.9358566666667|106.547568333333|10.9364866666667|106.546258333333|59 QL22, Tân Phú Trung, Củ Chi, Hồ Chí Minh, Vietnam|280 Xuyên Á, Tân Phú Trung, Củ Chi, Hồ Chí Minh, Vietnam|159|0.2 km|10000|10
178|179|10.9364866666667|106.546258333333|10.9371033333333|106.54493|280 Xuyên Á, Tân Phú Trung, Củ Chi, Hồ Chí Minh, Vietnam|280 Xuyên Á, Tân Phú Trung, Củ Chi, Hồ Chí Minh, Vietnam|160|0.2 km|10000|10
179|180|10.9371033333333|106.54493|10.9376966666667|106.543671666667|280 Xuyên Á, Tân Phú Trung, Củ Chi, Hồ Chí Minh, Vietnam|280 Xuyên Á, Tân Phú Trung, Củ Chi, Hồ Chí Minh, Vietnam|152|0.2 km|10000|10
180|181|10.9376966666667|106.543671666667|10.938365|106.542375|280 Xuyên Á, Tân Phú Trung, Củ Chi, Hồ Chí Minh, Vietnam|280 Xuyên Á, Tân Phú Trung, Củ Chi, Hồ Chí Minh, Vietnam|160|0.2 km|10000|10
181|182|10.938365|106.542375|10.9389383333333|106.541161666667|280 Xuyên Á, Tân Phú Trung, Củ Chi, Hồ Chí Minh, Vietnam|280 Xuyên Á, Tân Phú Trung, Củ Chi, Hồ Chí Minh, Vietnam|147|0.1 km|10000|10
182|183|10.9389383333333|106.541161666667|10.93936|106.540301666667|280 Xuyên Á, Tân Phú Trung, Củ Chi, Hồ Chí Minh, Vietnam|280 Xuyên Á, Tân Phú Trung, Củ Chi, Hồ Chí Minh, Vietnam|105|0.1 km|10000|10
183|184|10.93936|106.540301666667|10.939805|106.539373333333|280 Xuyên Á, Tân Phú Trung, Củ Chi, Hồ Chí Minh, Vietnam|Xuyên Á, Tân Phú Trung, Củ Chi, Hồ Chí Minh, Vietnam|113|0.1 km|10000|10
184|185|10.939805|106.539373333333|10.9403433333333|106.538268333333|Xuyên Á, Tân Phú Trung, Củ Chi, Hồ Chí Minh, Vietnam|Xuyên Á, Tân Phú Trung, Củ Chi, Hồ Chí Minh, Vietnam|135|0.1 km|10000|10
185|186|10.9403433333333|106.538268333333|10.9409333333333|106.536991666667|Xuyên Á, Tân Phú Trung, Củ Chi, Hồ Chí Minh, Vietnam|Xuyên Á, Tân Phú Trung, Củ Chi, Hồ Chí Minh, Vietnam|154|0.2 km|10000|10
186|187|10.9409333333333|106.536991666667|10.9415683333333|106.535746666667|Xuyên Á, Tân Phú Trung, Củ Chi, Hồ Chí Minh, Vietnam|Xuyên Á, Tân Phú Trung, Củ Chi, Hồ Chí Minh, Vietnam|153|0.2 km|10000|10
187|188|10.9415683333333|106.535746666667|10.9421716666667|106.534491666667|Xuyên Á, Tân Phú Trung, Củ Chi, Hồ Chí Minh, Vietnam|Xuyên Á, Tân Phú Trung, Củ Chi, Hồ Chí Minh, Vietnam|153|0.2 km|10000|10
188|189|10.9421716666667|106.534491666667|10.9427583333333|106.533285|Xuyên Á, Tân Phú Trung, Củ Chi, Hồ Chí Minh, Vietnam|Xuyên Á, Tân Phú Trung, Củ Chi, Hồ Chí Minh, Vietnam|147|0.1 km|10000|10
189|190|10.9427583333333|106.533285|10.9433716666667|106.531998333333|Xuyên Á, Tân Phú Trung, Củ Chi, Hồ Chí Minh, Vietnam|25 Đường 85, Tân Phú Trung, Củ Chi, Hồ Chí Minh, Vietnam|154|0.2 km|10000|10
190|191|10.9433716666667|106.531998333333|10.9439966666667|106.530688333333|Xuyên Á, Củ Chi, Hồ Chí Minh, Vietnam|Xuyên Á, Củ Chi, Hồ Chí Minh, Vietnam|159|0.2 km|10000|10
191|192|10.9439966666667|106.530688333333|10.9446366666667|106.52932|Xuyên Á, Củ Chi, Hồ Chí Minh, Vietnam|Xuyên Á, Củ Chi, Hồ Chí Minh, Vietnam|165|0.2 km|10000|10
192|193|10.9446366666667|106.52932|10.9453333333333|106.527935|Xuyên Á, Củ Chi, Hồ Chí Minh, Vietnam|Xuyên Á, Tân Thông Hội, Củ Chi, Hồ Chí Minh, Vietnam|170|0.2 km|10000|10
193|194|10.9453333333333|106.527935|10.9460133333333|106.526538333333|Xuyên Á, Tân Thông Hội, Củ Chi, Hồ Chí Minh, Vietnam|114 QL22, Tân Thông Hội, Củ Chi, Hồ Chí Minh, Vietnam|170|0.2 km|10000|10
194|195|10.9460133333333|106.526538333333|10.94665|106.525241666667|114 QL22, Tân Thông Hội, Củ Chi, Hồ Chí Minh, Vietnam|114 QL22, Tân Thông Hội, Củ Chi, Hồ Chí Minh, Vietnam|158|0.2 km|10000|10
195|196|10.94665|106.525241666667|10.9468133333333|106.524938333333|114 QL22, Tân Thông Hội, Củ Chi, Hồ Chí Minh, Vietnam|114 QL22, Tân Thông Hội, Củ Chi, Hồ Chí Minh, Vietnam|38|38 m|3000|03
196|197|10.9468133333333|106.524938333333|10.9468633333333|106.52486|114 QL22, Tân Thông Hội, Củ Chi, Hồ Chí Minh, Vietnam|114 QL22, Tân Thông Hội, Củ Chi, Hồ Chí Minh, Vietnam|10|10 m|1000|01
197|198|10.9468633333333|106.52486|10.9470166666667|106.524633333333|114 QL22, Tân Thông Hội, Củ Chi, Hồ Chí Minh, Vietnam|114 QL22, Tân Thông Hội, Củ Chi, Hồ Chí Minh, Vietnam|30|30 m|8000|08
198|199|10.9470166666667|106.524633333333|10.94706|106.524541666667|114 QL22, Tân Thông Hội, Củ Chi, Hồ Chí Minh, Vietnam|114 QL22, Tân Thông Hội, Củ Chi, Hồ Chí Minh, Vietnam|11|11 m|6000|06
199|200|10.94706|106.524541666667|10.947425|106.523998333333|114 QL22, Tân Thông Hội, Củ Chi, Hồ Chí Minh, Vietnam|114 QL22, Tân Thông Hội, Củ Chi, Hồ Chí Minh, Vietnam|72|72 m|10000|10
200|201|10.947425|106.523998333333|10.94798|106.523181666667|114 QL22, Tân Thông Hội, Củ Chi, Hồ Chí Minh, Vietnam|114 QL22, Tân Thông Hội, Củ Chi, Hồ Chí Minh, Vietnam|108|0.1 km|10000|10
201|202|10.94798|106.523181666667|10.94809|106.523023333333|114 QL22, Tân Thông Hội, Củ Chi, Hồ Chí Minh, Vietnam|114 QL22, Tân Thông Hội, Củ Chi, Hồ Chí Minh, Vietnam|21|21 m|5000|05
202|203|10.94809|106.523023333333|10.94814|106.52293|114 QL22, Tân Thông Hội, Củ Chi, Hồ Chí Minh, Vietnam|114 QL22, Tân Thông Hội, Củ Chi, Hồ Chí Minh, Vietnam|12|12 m|5000|05
203|204|10.94814|106.52293|10.94854|106.522363333333|114 QL22, Tân Thông Hội, Củ Chi, Hồ Chí Minh, Vietnam|114 QL22, Tân Thông Hội, Củ Chi, Hồ Chí Minh, Vietnam|76|76 m|10000|10
204|205|10.94854|106.522363333333|10.949145|106.521455|114 QL22, Tân Thông Hội, Củ Chi, Hồ Chí Minh, Vietnam|114 QL22, Tân Thông Hội, Củ Chi, Hồ Chí Minh, Vietnam|120|0.1 km|10000|10
205|206|10.949145|106.521455|10.9499033333333|106.52035|114 QL22, Tân Thông Hội, Củ Chi, Hồ Chí Minh, Vietnam|114 QL22, Tân Thông Hội, Củ Chi, Hồ Chí Minh, Vietnam|147|0.1 km|10000|10
206|207|10.9499033333333|106.52035|10.9507133333333|106.519158333333|114 QL22, Tân Thông Hội, Củ Chi, Hồ Chí Minh, Vietnam|126 QL22, Tân Thông Hội, Củ Chi, Hồ Chí Minh, Vietnam|158|0.2 km|10000|10
207|208|10.9507133333333|106.519158333333|10.9512383333333|106.518361666667|126 QL22, Tân Thông Hội, Củ Chi, Hồ Chí Minh, Vietnam|126 QL22, Tân Thông Hội, Củ Chi, Hồ Chí Minh, Vietnam|105|0.1 km|10000|10
208|209|10.9512383333333|106.518361666667|10.9518133333333|106.51753|126 QL22, Tân Thông Hội, Củ Chi, Hồ Chí Minh, Vietnam|126 QL22, Tân Thông Hội, Củ Chi, Hồ Chí Minh, Vietnam|111|0.1 km|10000|10
209|210|10.9518133333333|106.51753|10.9521316666667|106.51706|126 QL22, Tân Thông Hội, Củ Chi, Hồ Chí Minh, Vietnam|126 QL22, Tân Thông Hội, Củ Chi, Hồ Chí Minh, Vietnam|62|62 m|6000|06
210|211|10.9521316666667|106.51706|10.95221|106.516936666667|126 QL22, Tân Thông Hội, Củ Chi, Hồ Chí Minh, Vietnam|126 QL22, Tân Thông Hội, Củ Chi, Hồ Chí Minh, Vietnam|16|16 m|2000|02
211|212|10.95221|106.516936666667|10.95239|106.51668|126 QL22, Tân Thông Hội, Củ Chi, Hồ Chí Minh, Vietnam|126 QL22, Tân Thông Hội, Củ Chi, Hồ Chí Minh, Vietnam|34|34 m|10000|10
212|213|10.95239|106.51668|10.9527566666667|106.516151666667|126 QL22, Tân Thông Hội, Củ Chi, Hồ Chí Minh, Vietnam|126 QL22, Tân Thông Hội, Củ Chi, Hồ Chí Minh, Vietnam|71|71 m|10000|10
213|214|10.9527566666667|106.516151666667|10.9533333333333|106.5153|126 QL22, Tân Thông Hội, Củ Chi, Hồ Chí Minh, Vietnam|126 QL22, Tân Thông Hội, Củ Chi, Hồ Chí Minh, Vietnam|113|0.1 km|10000|10
214|215|10.9533333333333|106.5153|10.9540016666667|106.514321666667|126 QL22, Tân Thông Hội, Củ Chi, Hồ Chí Minh, Vietnam|126 QL22, Tân Thông Hội, Củ Chi, Hồ Chí Minh, Vietnam|130|0.1 km|10000|10
215|216|10.9540016666667|106.514321666667|10.9545416666667|106.513528333333|126 QL22, Tân Thông Hội, Củ Chi, Hồ Chí Minh, Vietnam|126 QL22, Tân Thông Hội, Củ Chi, Hồ Chí Minh, Vietnam|105|0.1 km|10000|10
216|217|10.9545416666667|106.513528333333|10.95482|106.513101666667|126 QL22, Tân Thông Hội, Củ Chi, Hồ Chí Minh, Vietnam|126 QL22, Tân Thông Hội, Củ Chi, Hồ Chí Minh, Vietnam|56|56 m|10000|10
217|218|10.95482|106.513101666667|10.955275|106.512438333333|126 QL22, Tân Thông Hội, Củ Chi, Hồ Chí Minh, Vietnam|126 QL22, Tân Thông Hội, Củ Chi, Hồ Chí Minh, Vietnam|88|88 m|10000|10
218|219|10.955275|106.512438333333|10.9559066666667|106.511523333333|126 QL22, Tân Thông Hội, Củ Chi, Hồ Chí Minh, Vietnam|126 QL22, Tân Thông Hội, Củ Chi, Hồ Chí Minh, Vietnam|122|0.1 km|10000|10
219|220|10.9559066666667|106.511523333333|10.95658|106.510488333333|126 QL22, Tân Thông Hội, Củ Chi, Hồ Chí Minh, Vietnam|Xuyên Á, Tân Thông Hội, Củ Chi, Hồ Chí Minh, Vietnam|136|0.1 km|10000|10
220|221|10.95658|106.510488333333|10.9571783333333|106.509381666667|Xuyên Á, Tân Thông Hội, Củ Chi, Hồ Chí Minh, Vietnam|Xuyên Á, Tân Thông Hội, Củ Chi, Hồ Chí Minh, Vietnam|138|0.1 km|10000|10
221|222|10.9571783333333|106.509381666667|10.95783|106.508123333333|Xuyên Á, Tân Thông Hội, Củ Chi, Hồ Chí Minh, Vietnam|Xuyên Á, Tân Thông Hội, Củ Chi, Hồ Chí Minh, Vietnam|155|0.2 km|10000|10
222|223|10.95783|106.508123333333|10.95846|106.506915|Xuyên Á, Tân Thông Hội, Củ Chi, Hồ Chí Minh, Vietnam|Xuyên Á, Tân Thông Hội, Củ Chi, Hồ Chí Minh, Vietnam|149|0.1 km|10000|10
223|224|10.95846|106.506915|10.9590716666667|106.505718333333|Xuyên Á, Tân Thông Hội, Củ Chi, Hồ Chí Minh, Vietnam|Xuyên Á, Tân Thông Hội, Củ Chi, Hồ Chí Minh, Vietnam|147|0.1 km|10000|10
224|225|10.9590716666667|106.505718333333|10.959675|106.504543333333|Xuyên Á, Tân Thông Hội, Củ Chi, Hồ Chí Minh, Vietnam|500 QL22, Củ Chi, Hồ Chí Minh, Vietnam|145|0.1 km|10000|10
225|226|10.959675|106.504543333333|10.960225|106.50348|500 QL22, Củ Chi, Hồ Chí Minh, Vietnam|500 QL22, Củ Chi, Hồ Chí Minh, Vietnam|131|0.1 km|10000|10
226|227|10.960225|106.50348|10.9604416666667|106.503083333333|500 QL22, Củ Chi, Hồ Chí Minh, Vietnam|500 QL22, Củ Chi, Hồ Chí Minh, Vietnam|50|50 m|10000|10
227|228|10.9604416666667|106.503083333333|10.9604416666667|106.503083333333|500 QL22, Củ Chi, Hồ Chí Minh, Vietnam|500 QL22, Củ Chi, Hồ Chí Minh, Vietnam|0|1 m|1000|01
228|229|10.9604416666667|106.503083333333|10.9604933333333|106.503003333333|500 QL22, Củ Chi, Hồ Chí Minh, Vietnam|500 QL22, Củ Chi, Hồ Chí Minh, Vietnam|10|10 m|10000|10
229|230|10.9604933333333|106.503003333333|10.960535|106.50292|500 QL22, Củ Chi, Hồ Chí Minh, Vietnam|500 QL22, Củ Chi, Hồ Chí Minh, Vietnam|10|10 m|3000|03
230|231|10.960535|106.50292|10.96067|106.50261|500 QL22, Củ Chi, Hồ Chí Minh, Vietnam|500 QL22, Củ Chi, Hồ Chí Minh, Vietnam|37|37 m|10000|10
231|232|10.96067|106.50261|10.9608533333333|106.502271666667|500 QL22, Củ Chi, Hồ Chí Minh, Vietnam|500 QL22, Củ Chi, Hồ Chí Minh, Vietnam|42|42 m|7000|07
232|233|10.9608533333333|106.502271666667|10.96088|106.502221666667|500 QL22, Củ Chi, Hồ Chí Minh, Vietnam|500 QL22, Củ Chi, Hồ Chí Minh, Vietnam|6|6 m|1000|01
233|234|10.96088|106.502221666667|10.9610633333333|106.501931666667|500 QL22, Củ Chi, Hồ Chí Minh, Vietnam|500 QL22, Củ Chi, Hồ Chí Minh, Vietnam|38|38 m|9000|09
234|235|10.9610633333333|106.501931666667|10.9611066666667|106.501861666667|500 QL22, Củ Chi, Hồ Chí Minh, Vietnam|500 QL22, Củ Chi, Hồ Chí Minh, Vietnam|9|9 m|5000|05
235|236|10.9611066666667|106.501861666667|10.961375|106.501326666667|500 QL22, Củ Chi, Hồ Chí Minh, Vietnam|500 QL22, Củ Chi, Hồ Chí Minh, Vietnam|66|66 m|10000|10
236|237|10.961375|106.501326666667|10.9618933333333|106.500413333333|500 QL22, Củ Chi, Hồ Chí Minh, Vietnam|500 QL22, Củ Chi, Hồ Chí Minh, Vietnam|115|0.1 km|10000|10
237|238|10.9618933333333|106.500413333333|10.9625533333333|106.49928|500 QL22, Củ Chi, Hồ Chí Minh, Vietnam|500 QL22, Củ Chi, Hồ Chí Minh, Vietnam|144|0.1 km|10000|10
238|239|10.9625533333333|106.49928|10.96326|106.498051666667|500 QL22, Củ Chi, Hồ Chí Minh, Vietnam|500 QL22, Củ Chi, Hồ Chí Minh, Vietnam|155|0.2 km|10000|10
239|240|10.96326|106.498051666667|10.9639233333333|106.496901666667|500 QL22, Củ Chi, Hồ Chí Minh, Vietnam|519 AH1, Củ Chi, Hồ Chí Minh, Vietnam|143|0.1 km|10000|10
240|241|10.9639233333333|106.496901666667|10.964565|106.495796666667|519 AH1, Củ Chi, Hồ Chí Minh, Vietnam|519 AH1, Củ Chi, Hồ Chí Minh, Vietnam|140|0.1 km|10000|10
241|242|10.964565|106.495796666667|10.96514|106.494588333333|519 AH1, Củ Chi, Hồ Chí Minh, Vietnam|519 AH1, Củ Chi, Hồ Chí Minh, Vietnam|146|0.1 km|10000|10
242|243|10.96514|106.494588333333|10.9656766666667|106.49323|519 AH1, Củ Chi, Hồ Chí Minh, Vietnam|700 QL22, Củ Chi, Hồ Chí Minh, Vietnam|160|0.2 km|10000|10
243|244|10.9656766666667|106.49323|10.9661683333333|106.491971666667|700 QL22, Củ Chi, Hồ Chí Minh, Vietnam|700 QL22, Củ Chi, Hồ Chí Minh, Vietnam|148|0.1 km|10000|10
244|245|10.9661683333333|106.491971666667|10.9666583333333|106.490751666667|700 QL22, Củ Chi, Hồ Chí Minh, Vietnam|700 QL22, Củ Chi, Hồ Chí Minh, Vietnam|144|0.1 km|10000|10
245|246|10.9666583333333|106.490751666667|10.9671366666667|106.489531666667|700 QL22, Củ Chi, Hồ Chí Minh, Vietnam|700 QL22, Củ Chi, Hồ Chí Minh, Vietnam|143|0.1 km|10000|10
246|247|10.9671366666667|106.489531666667|10.9674633333333|106.488738333333|700 QL22, Củ Chi, Hồ Chí Minh, Vietnam|700 QL22, Củ Chi, Hồ Chí Minh, Vietnam|94|94 m|10000|10
247|248|10.9674633333333|106.488738333333|10.9676166666667|106.488383333333|700 QL22, Củ Chi, Hồ Chí Minh, Vietnam|700 QL22, Củ Chi, Hồ Chí Minh, Vietnam|42|42 m|10000|10
248|249|10.9676166666667|106.488383333333|10.96767|106.488151666667|700 QL22, Củ Chi, Hồ Chí Minh, Vietnam|700 QL22, Củ Chi, Hồ Chí Minh, Vietnam|26|26 m|9000|09
249|250|10.96767|106.488151666667|10.9678966666667|106.487356666667|700 QL22, Củ Chi, Hồ Chí Minh, Vietnam|700 QL22, Củ Chi, Hồ Chí Minh, Vietnam|87|87 m|10000|10
250|251|10.9678966666667|106.487356666667|10.9682933333333|106.486318333333|700 QL22, Củ Chi, Hồ Chí Minh, Vietnam|719-Quèc QL22, Củ Chi, Hồ Chí Minh, Vietnam|122|0.1 km|10000|10
251|252|10.9682933333333|106.486318333333|10.9688066666667|106.485303333333|719-Quèc QL22, Củ Chi, Hồ Chí Minh, Vietnam|719-Quèc QL22, Củ Chi, Hồ Chí Minh, Vietnam|125|0.1 km|10000|10
252|253|10.9688066666667|106.485303333333|10.969625|106.484016666667|719-Quèc QL22, Củ Chi, Hồ Chí Minh, Vietnam|770 QL22, Củ Chi, Hồ Chí Minh, Vietnam|167|0.2 km|10000|10
253|254|10.969625|106.484016666667|10.9704566666667|106.48283|770 QL22, Củ Chi, Hồ Chí Minh, Vietnam|934 Xuyên Á, Khu phố 8, Tân An Hội, Củ Chi, Hồ Chí Minh, Vietnam|159|0.2 km|10000|10
254|255|10.9704566666667|106.48283|10.971055|106.482091666667|934 Xuyên Á, Khu phố 8, Tân An Hội, Củ Chi, Hồ Chí Minh, Vietnam|934 Xuyên Á, Khu phố 8, Tân An Hội, Củ Chi, Hồ Chí Minh, Vietnam|105|0.1 km|10000|10
255|256|10.971055|106.482091666667|10.9713233333333|106.48196|934 Xuyên Á, Khu phố 8, Tân An Hội, Củ Chi, Hồ Chí Minh, Vietnam|934 Xuyên Á, Khu phố 8, Tân An Hội, Củ Chi, Hồ Chí Minh, Vietnam|95|0.1 km|10000|10
