0|1|10.84248|106.615486666667|10.8436833333333|106.614806666667|738/26/4 Trường Chinh, Tân Hưng Thuận, Quận 12, Hồ Chí Minh, Vietnam|4C QL22, Trung Mỹ Tây, Quận 12, Hồ Chí Minh, Vietnam|191|0.2 km|53000|53
1|2|10.8436833333333|106.614806666667|10.8439|106.614715|4C QL22, Trung Mỹ Tây, Quận 12, Hồ Chí Minh, Vietnam|16 Xuyên Á, Trung Mỹ Tây, Quận 12, Hồ Chí Minh, Vietnam|27|27 m|11000|11
2|3|10.8439|106.614715|10.8439916666667|106.614656666667|16 Xuyên Á, Trung Mỹ Tây, Quận 12, Hồ Chí Minh, Vietnam|16 Xuyên Á, Trung Mỹ Tây, Quận 12, Hồ Chí Minh, Vietnam|12|12 m|4000|04
3|4|10.8439916666667|106.614656666667|10.8450633333333|106.61395|16 Xuyên Á, Trung Mỹ Tây, Quận 12, Hồ Chí Minh, Vietnam|3 Xuyên Á, Trung Mỹ Tây, Quận 12, Hồ Chí Minh, Vietnam|142|0.1 km|20000|20
4|5|10.8450633333333|106.61395|10.8460016666667|106.613366666667|3 Xuyên Á, Trung Mỹ Tây, Quận 12, Hồ Chí Minh, Vietnam|43F QL22, Trung Mỹ Tây, Quận 12, Hồ Chí Minh, Vietnam|122|0.1 km|20000|20
5|6|10.8460016666667|106.613366666667|10.8466333333333|106.61295|43F QL22, Trung Mỹ Tây, Quận 12, Hồ Chí Minh, Vietnam|17 Hoàng Tăng Bí, Khu phố 5, Trung Mỹ Tây, Quận 12, Hồ Chí Minh, Vietnam|84|84 m|20000|20
6|7|10.8466333333333|106.61295|10.8470716666667|106.612626666667|17 Hoàng Tăng Bí, Khu phố 5, Trung Mỹ Tây, Quận 12, Hồ Chí Minh, Vietnam|3 Xuyên Á, Trung Mỹ Tây, Quận 12, Hồ Chí Minh, Vietnam|59|59 m|16000|16
7|8|10.8470716666667|106.612626666667|10.8470716666667|106.612626666667|3 Xuyên Á, Trung Mỹ Tây, Quận 12, Hồ Chí Minh, Vietnam|3 Xuyên Á, Trung Mỹ Tây, Quận 12, Hồ Chí Minh, Vietnam|0|1 m|20000|20
8|9|10.8470716666667|106.612626666667|10.847215|106.612538333333|3 Xuyên Á, Trung Mỹ Tây, Quận 12, Hồ Chí Minh, Vietnam|3 Xuyên Á, Trung Mỹ Tây, Quận 12, Hồ Chí Minh, Vietnam|19|19 m|3000|03
9|10|10.847215|106.612538333333|10.8482133333333|106.611888333333|3 Xuyên Á, Trung Mỹ Tây, Quận 12, Hồ Chí Minh, Vietnam|22-23 A Tổ 49 Khu Phố 4, Trung Mỹ Tây, Quận 12, Hồ Chí Minh, Vietnam|132|0.1 km|20000|20
10|11|10.8482133333333|106.611888333333|10.8497583333333|106.610876666667|22-23 A Tổ 49 Khu Phố 4, Trung Mỹ Tây, Quận 12, Hồ Chí Minh, Vietnam|Xuyên Á, Trung Mỹ Tây, Quận 12, Hồ Chí Minh, Vietnam|211|0.2 km|20000|20
11|12|10.8497583333333|106.610876666667|10.8514|106.609811666667|Xuyên Á, Trung Mỹ Tây, Quận 12, Hồ Chí Minh, Vietnam|15D Xuyên Á, Trung Mỹ Tây, Quận 12, Hồ Chí Minh, Vietnam|216|0.2 km|20000|20
12|13|10.8514|106.609811666667|10.853035|106.608768333333|15D Xuyên Á, Trung Mỹ Tây, Quận 12, Hồ Chí Minh, Vietnam|194D QL22, Trung Mỹ Tây, Quận 12, Hồ Chí Minh, Vietnam|215|0.2 km|20000|20
13|14|10.853035|106.608768333333|10.85441|106.607888333333|194D QL22, Trung Mỹ Tây, Quận 12, Hồ Chí Minh, Vietnam|193D QL22, Trung Mỹ Tây, Quận 12, Hồ Chí Minh, Vietnam|181|0.2 km|20000|20
14|15|10.85441|106.607888333333|10.8551966666667|106.607388333333|193D QL22, Trung Mỹ Tây, Quận 12, Hồ Chí Minh, Vietnam|193D QL22, Trung Mỹ Tây, Quận 12, Hồ Chí Minh, Vietnam|103|0.1 km|20000|20
15|16|10.8551966666667|106.607388333333|10.85522|106.60737|193D QL22, Trung Mỹ Tây, Quận 12, Hồ Chí Minh, Vietnam|193D QL22, Trung Mỹ Tây, Quận 12, Hồ Chí Minh, Vietnam|3|3 m|64000|01:04
16|17|10.85522|106.60737|10.8554316666667|106.60722|193D QL22, Trung Mỹ Tây, Quận 12, Hồ Chí Minh, Vietnam|193D QL22, Trung Mỹ Tây, Quận 12, Hồ Chí Minh, Vietnam|28|28 m|15000|15
17|18|10.8554316666667|106.60722|10.856545|106.606498333333|193D QL22, Trung Mỹ Tây, Quận 12, Hồ Chí Minh, Vietnam|Xuyên Á, Tân Xuân, Hóc Môn, Hồ Chí Minh, Vietnam|2845|2.8 km|20000|20
18|19|10.856545|106.606498333333|10.85819|106.605306666667|Xuyên Á, Tân Xuân, Hóc Môn, Hồ Chí Minh, Vietnam|Xuyên Á, Tân Xuân, Hóc Môn, Hồ Chí Minh, Vietnam|2083|2.1 km|20000|20
19|20|10.85819|106.605306666667|10.8597833333333|106.604203333333|Xuyên Á, Tân Xuân, Hóc Môn, Hồ Chí Minh, Vietnam|Xuyên Á, Tân Xuân, Hóc Môn, Hồ Chí Minh, Vietnam|214|0.2 km|20000|20
20|21|10.8597833333333|106.604203333333|10.861365|106.603101666667|Xuyên Á, Tân Xuân, Hóc Môn, Hồ Chí Minh, Vietnam|37/3 QL22, Trung Chánh, Xuân Thới Đông, Hóc Môn, Hồ Chí Minh, Vietnam|213|0.2 km|20000|20
21|22|10.861365|106.603101666667|10.8620533333333|106.602661666667|37/3 QL22, Trung Chánh, Xuân Thới Đông, Hóc Môn, Hồ Chí Minh, Vietnam|37/3 QL22, Trung Chánh, Xuân Thới Đông, Hóc Môn, Hồ Chí Minh, Vietnam|90|90 m|18000|18
22|23|10.8620533333333|106.602661666667|10.8621716666667|106.602571666667|37/3 QL22, Trung Chánh, Xuân Thới Đông, Hóc Môn, Hồ Chí Minh, Vietnam|Xuyên Á, Tân Xuân, Hóc Môn, Hồ Chí Minh, Vietnam|16|16 m|6000|06
23|24|10.8621716666667|106.602571666667|10.8634066666667|106.60164|Xuyên Á, Tân Xuân, Hóc Môn, Hồ Chí Minh, Vietnam|Xuyên Á, Tân Xuân, Hóc Môn, Hồ Chí Minh, Vietnam|171|0.2 km|20000|20
24|25|10.8634066666667|106.60164|10.86505|106.600481666667|Xuyên Á, Tân Xuân, Hóc Môn, Hồ Chí Minh, Vietnam|Xuyên Á, Tân Xuân, Hóc Môn, Hồ Chí Minh, Vietnam|222|0.2 km|20000|20
25|26|10.86505|106.600481666667|10.866745|106.599278333333|Xuyên Á, Tân Xuân, Hóc Môn, Hồ Chí Minh, Vietnam|Xuyên Á, Tân Xuân, Hóc Môn, Hồ Chí Minh, Vietnam|230|0.2 km|20000|20
26|27|10.866745|106.599278333333|10.868395|106.598105|Xuyên Á, Tân Xuân, Hóc Môn, Hồ Chí Minh, Vietnam|73/3C QL22, Xuân Thới Đông, Hóc Môn, Hồ Chí Minh, Vietnam|224|0.2 km|20000|20
27|28|10.868395|106.598105|10.8698566666667|106.597075|73/3C QL22, Xuân Thới Đông, Hóc Môn, Hồ Chí Minh, Vietnam|1 Xuyên Á, Tân Xuân, Hóc Môn, Hồ Chí Minh, Vietnam|198|0.2 km|20000|20
28|29|10.8698566666667|106.597075|10.8700633333333|106.596945|1 QL22, Tân Xuân, Hóc Môn, Hồ Chí Minh, Vietnam|1/1 QL22, Tân Xuân, Hóc Môn, Hồ Chí Minh, Vietnam|27|27 m|10000|10
29|30|10.8700633333333|106.596945|10.8700633333333|106.596945|1/1 QL22, Tân Xuân, Hóc Môn, Hồ Chí Minh, Vietnam|1/1 QL22, Tân Xuân, Hóc Môn, Hồ Chí Minh, Vietnam|0|1 m|20000|20
30|31|10.8700633333333|106.596945|10.8700633333333|106.596945|1/1 QL22, Tân Xuân, Hóc Môn, Hồ Chí Minh, Vietnam|1/1 QL22, Tân Xuân, Hóc Môn, Hồ Chí Minh, Vietnam|0|1 m|20000|20
31|32|10.8700633333333|106.596945|10.8702233333333|106.59684|1/1 QL22, Tân Xuân, Hóc Môn, Hồ Chí Minh, Vietnam|1/1B QL22, Tân Xuân, Hóc Môn, Hồ Chí Minh, Vietnam|21|21 m|20000|20
32|33|10.8702233333333|106.59684|10.87115|106.596156666667|1/1B QL22, Tân Xuân, Hóc Môn, Hồ Chí Minh, Vietnam|3 QL22, Tân Xuân, Hóc Môn, Hồ Chí Minh, Vietnam|134|0.1 km|20000|20
33|34|10.87115|106.596156666667|10.8727183333333|106.595036666667|3 QL22, Tân Xuân, Hóc Môn, Hồ Chí Minh, Vietnam|3 Xuyên Á, Tân Xuân, Hóc Môn, Hồ Chí Minh, Vietnam|213|0.2 km|20000|20
34|35|10.8727183333333|106.595036666667|10.8743516666667|106.593866666667|3 Xuyên Á, Tân Xuân, Hóc Môn, Hồ Chí Minh, Vietnam|3 Xuyên Á, Tân Xuân, Hóc Môn, Hồ Chí Minh, Vietnam|222|0.2 km|20000|20
35|36|10.8743516666667|106.593866666667|10.875995|106.592725|3 Xuyên Á, Tân Xuân, Hóc Môn, Hồ Chí Minh, Vietnam|3 Xuyên Á, Tân Xuân, Hóc Môn, Hồ Chí Minh, Vietnam|221|0.2 km|20000|20
36|37|10.875995|106.592725|10.87724|106.591846666667|42/1B QL22, Xuân Thới Đông, Hóc Môn, Hồ Chí Minh, Vietnam|27 QL22, Xuân Thới Đông, Hóc Môn, Hồ Chí Minh, Vietnam|168|0.2 km|20000|20
37|38|10.87724|106.591846666667|10.8773333333333|106.591786666667|27 QL22, Xuân Thới Đông, Hóc Môn, Hồ Chí Minh, Vietnam|27 QL22, Xuân Thới Đông, Hóc Môn, Hồ Chí Minh, Vietnam|12|12 m|7000|07
38|39|10.8773333333333|106.591786666667|10.8773333333333|106.591786666667|27 QL22, Xuân Thới Đông, Hóc Môn, Hồ Chí Minh, Vietnam|27 QL22, Xuân Thới Đông, Hóc Môn, Hồ Chí Minh, Vietnam|0|1 m|20000|20
39|40|10.8773333333333|106.591786666667|10.8775166666667|106.591656666667|27 QL22, Xuân Thới Đông, Hóc Môn, Hồ Chí Minh, Vietnam|27 QL22, Xuân Thới Đông, Hóc Môn, Hồ Chí Minh, Vietnam|25|25 m|4000|04
40|41|10.8775166666667|106.591656666667|10.8783383333333|106.59107|27 QL22, Xuân Thới Đông, Hóc Môn, Hồ Chí Minh, Vietnam|27 QL22, Xuân Thới Đông, Hóc Môn, Hồ Chí Minh, Vietnam|122|0.1 km|20000|20
41|42|10.8783383333333|106.59107|10.88291|106.58785|27 QL22, Xuân Thới Đông, Hóc Môn, Hồ Chí Minh, Vietnam|88/1B QL22, Hóc Môn, Hồ Chí Minh, Vietnam|618|0.6 km|60000|01:00
42|43|10.88291|106.58785|10.8841516666667|106.587018333333|88/1B QL22, Hóc Môn, Hồ Chí Minh, Vietnam|88/1B QL22, Hóc Môn, Hồ Chí Minh, Vietnam|174|0.2 km|20000|20
43|44|10.8841516666667|106.587018333333|10.8844266666667|106.586845|88/1B QL22, Hóc Môn, Hồ Chí Minh, Vietnam|88/1B QL22, Hóc Môn, Hồ Chí Minh, Vietnam|36|36 m|10000|10
44|45|10.8844266666667|106.586845|10.8845083333333|106.586783333333|88/1B QL22, Hóc Môn, Hồ Chí Minh, Vietnam|88/1B QL22, Hóc Môn, Hồ Chí Minh, Vietnam|11|11 m|5000|05
45|46|10.8845083333333|106.586783333333|10.8857116666667|106.585886666667|88/1B QL22, Hóc Môn, Hồ Chí Minh, Vietnam|88/1B QL22, Hóc Môn, Hồ Chí Minh, Vietnam|166|0.2 km|20000|20
46|47|10.8857116666667|106.585886666667|10.8877033333333|106.584496666667|88/1B QL22, Hóc Môn, Hồ Chí Minh, Vietnam|88/1B QL22, Hóc Môn, Hồ Chí Minh, Vietnam|268|0.3 km|20000|20
47|48|10.8877033333333|106.584496666667|10.889775|106.583033333333|88/1B QL22, Hóc Môn, Hồ Chí Minh, Vietnam|88/1B QL22, Hóc Môn, Hồ Chí Minh, Vietnam|280|0.3 km|21000|21
48|49|10.889775|106.583033333333|10.891855|106.581595|88/1B QL22, Hóc Môn, Hồ Chí Minh, Vietnam|88/1B QL22, Hóc Môn, Hồ Chí Minh, Vietnam|278|0.3 km|20000|20
49|50|10.891855|106.581595|10.8932316666667|106.580645|88/1B QL22, Hóc Môn, Hồ Chí Minh, Vietnam|88/1B QL22, Hóc Môn, Hồ Chí Minh, Vietnam|193|0.2 km|20000|20
50|51|10.8932316666667|106.580645|10.8951166666667|106.579325|88/1B QL22, Hóc Môn, Hồ Chí Minh, Vietnam|Xuyên Á, Thống Nhất 1, Tân Thới Nhì, Hóc Môn, Hồ Chí Minh, Vietnam|254|0.3 km|20000|20
51|52|10.8951166666667|106.579325|10.8970166666667|106.578|Xuyên Á, Thống Nhất 1, Tân Thới Nhì, Hóc Môn, Hồ Chí Minh, Vietnam|Xuyên Á, Thống Nhất 1, Tân Thới Nhì, Hóc Môn, Hồ Chí Minh, Vietnam|256|0.3 km|20000|20
52|53|10.8970166666667|106.578|10.898775|106.576765|Xuyên Á, Thống Nhất 1, Tân Thới Nhì, Hóc Môn, Hồ Chí Minh, Vietnam|Xuyên Á, Thống Nhất 1, Tân Thới Nhì, Hóc Môn, Hồ Chí Minh, Vietnam|238|0.2 km|20000|20
53|54|10.898775|106.576765|10.899765|106.576091666667|Xuyên Á, Thống Nhất 1, Tân Thới Nhì, Hóc Môn, Hồ Chí Minh, Vietnam|Xuyên Á, Thống Nhất 1, Tân Thới Nhì, Hóc Môn, Hồ Chí Minh, Vietnam|132|0.1 km|13000|13
54|55|10.899765|106.576091666667|10.8999266666667|106.575988333333|Xuyên Á, Thống Nhất 1, Tân Thới Nhì, Hóc Môn, Hồ Chí Minh, Vietnam|Xuyên Á, Thống Nhất 1, Tân Thới Nhì, Hóc Môn, Hồ Chí Minh, Vietnam|21|21 m|5000|05
55|56|10.8999266666667|106.575988333333|10.89997|106.575965|Xuyên Á, Thống Nhất 1, Tân Thới Nhì, Hóc Môn, Hồ Chí Minh, Vietnam|Xuyên Á, Thống Nhất 1, Tân Thới Nhì, Hóc Môn, Hồ Chí Minh, Vietnam|5|5 m|5000|05
56|57|10.89997|106.575965|10.9012333333333|106.575045|Xuyên Á, Thống Nhất 1, Tân Thới Nhì, Hóc Môn, Hồ Chí Minh, Vietnam|Xuyên Á, Tân Hiệp, Hóc Môn, Hồ Chí Minh, Vietnam|173|0.2 km|20000|20
57|58|10.9012333333333|106.575045|10.9032933333333|106.573585|Xuyên Á, Tân Hiệp, Hóc Môn, Hồ Chí Minh, Vietnam|Xuyên Á, Tân Hiệp, Hóc Môn, Hồ Chí Minh, Vietnam|279|0.3 km|20000|20
58|59|10.9032933333333|106.573585|10.9052316666667|106.572191666667|Xuyên Á, Tân Hiệp, Hóc Môn, Hồ Chí Minh, Vietnam|Xuyên Á, Tân Thới 3, Tân Hiệp, Hóc Môn, Hồ Chí Minh, Vietnam|264|0.3 km|20000|20
59|60|10.9052316666667|106.572191666667|10.9076083333333|106.570526666667|Xuyên Á, Tân Thới 3, Tân Hiệp, Hóc Môn, Hồ Chí Minh, Vietnam|Xuyên Á, Tân Thới 3, Tân Hiệp, Hóc Môn, Hồ Chí Minh, Vietnam|321|0.3 km|20000|20
60|61|10.9076083333333|106.570526666667|10.9099066666667|106.568931666667|Xuyên Á, Tân Thới 3, Tân Hiệp, Hóc Môn, Hồ Chí Minh, Vietnam|Xuyên Á, Tân Thới 3, Tân Hiệp, Hóc Môn, Hồ Chí Minh, Vietnam|309|0.3 km|20000|20
61|62|10.9099066666667|106.568931666667|10.91224|106.567286666667|Xuyên Á, Tân Thới 3, Tân Hiệp, Hóc Môn, Hồ Chí Minh, Vietnam|Xuyên Á, Tân Thới 3, Tân Hiệp, Hóc Môn, Hồ Chí Minh, Vietnam|316|0.3 km|20000|20
62|63|10.91224|106.567286666667|10.9141266666667|106.565948333333|Xuyên Á, Tân Thới 3, Tân Hiệp, Hóc Môn, Hồ Chí Minh, Vietnam|Xuyên Á, Tân Hiệp, Hóc Môn, Hồ Chí Minh, Vietnam|256|0.3 km|20000|20
63|64|10.9141266666667|106.565948333333|10.9160033333333|106.564643333333|Xuyên Á, Tân Hiệp, Hóc Môn, Hồ Chí Minh, Vietnam|Xuyên Á, Tân Hiệp, Hóc Môn, Hồ Chí Minh, Vietnam|251|0.3 km|20000|20
64|65|10.9160033333333|106.564643333333|10.9178533333333|106.563343333333|Xuyên Á, Tân Thới 3, Tân Hiệp, Hóc Môn, Hồ Chí Minh, Vietnam|Xuyên Á, Tân Thới 3, Tân Hiệp, Hóc Môn, Hồ Chí Minh, Vietnam|250|0.2 km|20000|20
65|66|10.9178533333333|106.563343333333|10.9195366666667|106.562166666667|Xuyên Á, Tân Thới 3, Tân Hiệp, Hóc Môn, Hồ Chí Minh, Vietnam|Xuyên Á, ấp Chợ, Tân Phú Trung, Củ Chi, Hồ Chí Minh, Vietnam|227|0.2 km|20000|20
66|67|10.9195366666667|106.562166666667|10.9218283333333|106.560603333333|Xuyên Á, ấp Chợ, Tân Phú Trung, Củ Chi, Hồ Chí Minh, Vietnam|Xuyên Á, ấp Chợ, Tân Phú Trung, Củ Chi, Hồ Chí Minh, Vietnam|307|0.3 km|20000|20
67|68|10.9218283333333|106.560603333333|10.9242366666667|106.558908333333|Xuyên Á, ấp Chợ, Tân Phú Trung, Củ Chi, Hồ Chí Minh, Vietnam|Xuyên Á, ấp Chợ, Tân Phú Trung, Củ Chi, Hồ Chí Minh, Vietnam|326|0.3 km|20000|20
68|69|10.9242366666667|106.558908333333|10.9261283333333|106.557593333333|Xuyên Á, ấp Chợ, Tân Phú Trung, Củ Chi, Hồ Chí Minh, Vietnam|59 QL22, Tân Phú Trung, Củ Chi, Hồ Chí Minh, Vietnam|255|0.3 km|20000|20
69|70|10.9261283333333|106.557593333333|10.9270666666667|106.556953333333|59 QL22, Tân Phú Trung, Củ Chi, Hồ Chí Minh, Vietnam|59 QL22, Tân Phú Trung, Củ Chi, Hồ Chí Minh, Vietnam|128|0.1 km|20000|20
70|71|10.9270666666667|106.556953333333|10.927105|106.55693|59 QL22, Tân Phú Trung, Củ Chi, Hồ Chí Minh, Vietnam|59 QL22, Tân Phú Trung, Củ Chi, Hồ Chí Minh, Vietnam|1|1 m|1000|01
71|72|10.927105|106.55693|10.9273683333333|106.556781666667|59 QL22, Tân Phú Trung, Củ Chi, Hồ Chí Minh, Vietnam|59 QL22, Tân Phú Trung, Củ Chi, Hồ Chí Minh, Vietnam|33|33 m|9000|09
72|73|10.9273683333333|106.556781666667|10.9274383333333|106.556731666667|59 QL22, Tân Phú Trung, Củ Chi, Hồ Chí Minh, Vietnam|59 QL22, Tân Phú Trung, Củ Chi, Hồ Chí Minh, Vietnam|10|10 m|5000|05
73|74|10.9274383333333|106.556731666667|10.928595|106.555848333333|59 QL22, Tân Phú Trung, Củ Chi, Hồ Chí Minh, Vietnam|59 QL22, Tân Phú Trung, Củ Chi, Hồ Chí Minh, Vietnam|161|0.2 km|20000|20
74|75|10.928595|106.555848333333|10.9304733333333|106.554396666667|59 QL22, Tân Phú Trung, Củ Chi, Hồ Chí Minh, Vietnam|59 QL22, Tân Phú Trung, Củ Chi, Hồ Chí Minh, Vietnam|262|0.3 km|20000|20
75|76|10.9304733333333|106.554396666667|10.9312666666667|106.553726666667|59 QL22, Tân Phú Trung, Củ Chi, Hồ Chí Minh, Vietnam|59 QL22, Tân Phú Trung, Củ Chi, Hồ Chí Minh, Vietnam|114|0.1 km|18000|18
76|77|10.9312666666667|106.553726666667|10.9313583333333|106.553606666667|59 QL22, Tân Phú Trung, Củ Chi, Hồ Chí Minh, Vietnam|59 QL22, Tân Phú Trung, Củ Chi, Hồ Chí Minh, Vietnam|16|16 m|5000|05
77|78|10.9313583333333|106.553606666667|10.932385|106.552625|59 QL22, Tân Phú Trung, Củ Chi, Hồ Chí Minh, Vietnam|135 QL22, Tân Phú Trung, Củ Chi, Hồ Chí Minh, Vietnam|157|0.2 km|20000|20
78|79|10.932385|106.552625|10.9339233333333|106.551106666667|135 QL22, Tân Phú Trung, Củ Chi, Hồ Chí Minh, Vietnam|280 Xuyên Á, Tân Phú Trung, Củ Chi, Hồ Chí Minh, Vietnam|238|0.2 km|20000|20
79|80|10.9339233333333|106.551106666667|10.9351333333333|106.549076666667|280 Xuyên Á, Tân Phú Trung, Củ Chi, Hồ Chí Minh, Vietnam|280 Xuyên Á, Tân Phú Trung, Củ Chi, Hồ Chí Minh, Vietnam|260|0.3 km|20000|20
80|81|10.9351333333333|106.549076666667|10.93603|106.547175|280 Xuyên Á, Tân Phú Trung, Củ Chi, Hồ Chí Minh, Vietnam|280 Xuyên Á, Tân Phú Trung, Củ Chi, Hồ Chí Minh, Vietnam|230|0.2 km|20000|20
81|82|10.93603|106.547175|10.9370516666667|106.545101666667|280 Xuyên Á, Tân Phú Trung, Củ Chi, Hồ Chí Minh, Vietnam|280 Xuyên Á, Tân Phú Trung, Củ Chi, Hồ Chí Minh, Vietnam|253|0.3 km|20000|20
82|83|10.9370516666667|106.545101666667|10.93812|106.542903333333|280 Xuyên Á, Tân Phú Trung, Củ Chi, Hồ Chí Minh, Vietnam|280 Xuyên Á, Tân Phú Trung, Củ Chi, Hồ Chí Minh, Vietnam|268|0.3 km|20000|20
83|84|10.93812|106.542903333333|10.939095|106.540885|280 Xuyên Á, Tân Phú Trung, Củ Chi, Hồ Chí Minh, Vietnam|280 Xuyên Á, Tân Phú Trung, Củ Chi, Hồ Chí Minh, Vietnam|246|0.2 km|20000|20
84|85|10.939095|106.540885|10.9395266666667|106.540075|280 Xuyên Á, Tân Phú Trung, Củ Chi, Hồ Chí Minh, Vietnam|280 Xuyên Á, Tân Phú Trung, Củ Chi, Hồ Chí Minh, Vietnam|100|0.1 km|17000|17
85|86|10.9395266666667|106.540075|10.9395483333333|106.539961666667|280 Xuyên Á, Tân Phú Trung, Củ Chi, Hồ Chí Minh, Vietnam|280 Xuyên Á, Tân Phú Trung, Củ Chi, Hồ Chí Minh, Vietnam|12|12 m|5000|05
86|87|10.9395483333333|106.539961666667|10.9402066666667|106.538571666667|280 Xuyên Á, Tân Phú Trung, Củ Chi, Hồ Chí Minh, Vietnam|Xuyên Á, Tân Phú Trung, Củ Chi, Hồ Chí Minh, Vietnam|165|0.2 km|20000|20
87|88|10.9402066666667|106.538571666667|10.94126|106.536396666667|Xuyên Á, Tân Phú Trung, Củ Chi, Hồ Chí Minh, Vietnam|Xuyên Á, Tân Phú Trung, Củ Chi, Hồ Chí Minh, Vietnam|265|0.3 km|20000|20
88|89|10.94126|106.536396666667|10.942245|106.534363333333|Xuyên Á, Tân Phú Trung, Củ Chi, Hồ Chí Minh, Vietnam|Xuyên Á, Tân Phú Trung, Củ Chi, Hồ Chí Minh, Vietnam|247|0.2 km|20000|20
89|90|10.942245|106.534363333333|10.9431833333333|106.532416666667|Xuyên Á, Tân Phú Trung, Củ Chi, Hồ Chí Minh, Vietnam|Xuyên Á, Tân Phú Trung, Củ Chi, Hồ Chí Minh, Vietnam|237|0.2 km|20000|20
90|91|10.9431833333333|106.532416666667|10.9441583333333|106.530411666667|Xuyên Á, Tân Phú Trung, Củ Chi, Hồ Chí Minh, Vietnam|Xuyên Á, Củ Chi, Hồ Chí Minh, Vietnam|244|0.2 km|20000|20
91|92|10.9441583333333|106.530411666667|10.94519|106.528291666667|Xuyên Á, Củ Chi, Hồ Chí Minh, Vietnam|Xuyên Á, Tân Thông Hội, Củ Chi, Hồ Chí Minh, Vietnam|258|0.3 km|20000|20
92|93|10.94519|106.528291666667|10.946335|106.525903333333|Xuyên Á, Tân Thông Hội, Củ Chi, Hồ Chí Minh, Vietnam|114 QL22, Tân Thông Hội, Củ Chi, Hồ Chí Minh, Vietnam|290|0.3 km|20000|20
93|94|10.946335|106.525903333333|10.9474033333333|106.524041666667|114 QL22, Tân Thông Hội, Củ Chi, Hồ Chí Minh, Vietnam|114 QL22, Tân Thông Hội, Củ Chi, Hồ Chí Minh, Vietnam|236|0.2 km|20000|20
94|95|10.9474033333333|106.524041666667|10.9481183333333|106.523011666667|114 QL22, Tân Thông Hội, Củ Chi, Hồ Chí Minh, Vietnam|114 QL22, Tân Thông Hội, Củ Chi, Hồ Chí Minh, Vietnam|138|0.1 km|20000|20
95|96|10.9481183333333|106.523011666667|10.949485|106.521013333333|114 QL22, Tân Thông Hội, Củ Chi, Hồ Chí Minh, Vietnam|114 QL22, Tân Thông Hội, Củ Chi, Hồ Chí Minh, Vietnam|266|0.3 km|20000|20
96|97|10.949485|106.521013333333|10.95081|106.519051666667|114 QL22, Tân Thông Hội, Củ Chi, Hồ Chí Minh, Vietnam|126 QL22, Tân Thông Hội, Củ Chi, Hồ Chí Minh, Vietnam|260|0.3 km|20000|20
97|98|10.95081|106.519051666667|10.9513316666667|106.518295|126 QL22, Tân Thông Hội, Củ Chi, Hồ Chí Minh, Vietnam|126 QL22, Tân Thông Hội, Củ Chi, Hồ Chí Minh, Vietnam|101|0.1 km|15000|15
98|99|10.9513316666667|106.518295|10.951365|106.51825|126 QL22, Tân Thông Hội, Củ Chi, Hồ Chí Minh, Vietnam|126 QL22, Tân Thông Hội, Củ Chi, Hồ Chí Minh, Vietnam|6|6 m|5000|05
99|100|10.951365|106.51825|10.9520783333333|106.517198333333|126 QL22, Tân Thông Hội, Củ Chi, Hồ Chí Minh, Vietnam|126 QL22, Tân Thông Hội, Củ Chi, Hồ Chí Minh, Vietnam|140|0.1 km|20000|20
100|101|10.9520783333333|106.517198333333|10.952535|106.51651|126 QL22, Tân Thông Hội, Củ Chi, Hồ Chí Minh, Vietnam|126 QL22, Tân Thông Hội, Củ Chi, Hồ Chí Minh, Vietnam|91|91 m|20000|20
101|102|10.952535|106.51651|10.9537283333333|106.51476|126 QL22, Tân Thông Hội, Củ Chi, Hồ Chí Minh, Vietnam|126 QL22, Tân Thông Hội, Củ Chi, Hồ Chí Minh, Vietnam|233|0.2 km|20000|20
102|103|10.9537283333333|106.51476|10.954655|106.513408333333|126 QL22, Tân Thông Hội, Củ Chi, Hồ Chí Minh, Vietnam|126 QL22, Tân Thông Hội, Củ Chi, Hồ Chí Minh, Vietnam|180|0.2 km|20000|20
103|104|10.954655|106.513408333333|10.9553|106.512465|126 QL22, Tân Thông Hội, Củ Chi, Hồ Chí Minh, Vietnam|126 QL22, Tân Thông Hội, Củ Chi, Hồ Chí Minh, Vietnam|126|0.1 km|20000|20
104|105|10.9553|106.512465|10.9564233333333|106.510791666667|126 QL22, Tân Thông Hội, Củ Chi, Hồ Chí Minh, Vietnam|Xuyên Á, Tân Thông Hội, Củ Chi, Hồ Chí Minh, Vietnam|221|0.2 km|20000|20
105|106|10.9564233333333|106.510791666667|10.9570033333333|106.509846666667|Xuyên Á, Tân Thông Hội, Củ Chi, Hồ Chí Minh, Vietnam|Xuyên Á, Tân Thông Hội, Củ Chi, Hồ Chí Minh, Vietnam|122|0.1 km|20000|20
106|107|10.9570033333333|106.509846666667|10.95705|106.509743333333|Xuyên Á, Tân Thông Hội, Củ Chi, Hồ Chí Minh, Vietnam|Xuyên Á, Tân Thông Hội, Củ Chi, Hồ Chí Minh, Vietnam|12|12 m|4000|04
107|108|10.95705|106.509743333333|10.957745|106.50833|Xuyên Á, Tân Thông Hội, Củ Chi, Hồ Chí Minh, Vietnam|Xuyên Á, Tân Thông Hội, Củ Chi, Hồ Chí Minh, Vietnam|173|0.2 km|20000|20
108|109|10.957745|106.50833|10.9587433333333|106.506386666667|Xuyên Á, Tân Thông Hội, Củ Chi, Hồ Chí Minh, Vietnam|Xuyên Á, Tân Thông Hội, Củ Chi, Hồ Chí Minh, Vietnam|239|0.2 km|20000|20
109|110|10.9587433333333|106.506386666667|10.9596233333333|106.504658333333|Xuyên Á, Tân Thông Hội, Củ Chi, Hồ Chí Minh, Vietnam|500 QL22, Củ Chi, Hồ Chí Minh, Vietnam|213|0.2 km|20000|20
110|111|10.9596233333333|106.504658333333|10.9605066666667|106.502975|500 QL22, Củ Chi, Hồ Chí Minh, Vietnam|500 QL22, Củ Chi, Hồ Chí Minh, Vietnam|208|0.2 km|20000|20
111|112|10.9605066666667|106.502975|10.9605333333333|106.50293|500 QL22, Củ Chi, Hồ Chí Minh, Vietnam|500 QL22, Củ Chi, Hồ Chí Minh, Vietnam|6|6 m|1000|01
112|113|10.9605333333333|106.50293|10.960615|106.502796666667|500 QL22, Củ Chi, Hồ Chí Minh, Vietnam|500 QL22, Củ Chi, Hồ Chí Minh, Vietnam|17|17 m|8000|08
113|114|10.960615|106.502796666667|10.960615|106.502796666667|500 QL22, Củ Chi, Hồ Chí Minh, Vietnam|500 QL22, Củ Chi, Hồ Chí Minh, Vietnam|0|1 m|20000|20
114|115|10.960615|106.502796666667|10.9607533333333|106.502493333333|500 QL22, Củ Chi, Hồ Chí Minh, Vietnam|14 Liêu Bình Hương, Ấp Tân Định, Tân Thông Hội, Củ Chi, Hồ Chí Minh, Vietnam|34|34 m|20000|20
115|116|10.9607533333333|106.502493333333|10.961465|106.501178333333|14 Liêu Bình Hương, Ấp Tân Định, Tân Thông Hội, Củ Chi, Hồ Chí Minh, Vietnam|500 QL22, Củ Chi, Hồ Chí Minh, Vietnam|166|0.2 km|20000|20
116|117|10.961465|106.501178333333|10.9625816666667|106.499246666667|500 QL22, Củ Chi, Hồ Chí Minh, Vietnam|500 QL22, Củ Chi, Hồ Chí Minh, Vietnam|245|0.2 km|20000|20
117|118|10.9625816666667|106.499246666667|10.963635|106.497433333333|500 QL22, Củ Chi, Hồ Chí Minh, Vietnam|519 AH1, Củ Chi, Hồ Chí Minh, Vietnam|230|0.2 km|20000|20
118|119|10.963635|106.497433333333|10.9641616666667|106.496515|519 AH1, Củ Chi, Hồ Chí Minh, Vietnam|519 AH1, Củ Chi, Hồ Chí Minh, Vietnam|116|0.1 km|20000|20
119|120|10.9641616666667|106.496515|10.9642616666667|106.496366666667|519 AH1, Củ Chi, Hồ Chí Minh, Vietnam|519 AH1, Củ Chi, Hồ Chí Minh, Vietnam|20|20 m|12000|12
120|121|10.9642616666667|106.496366666667|10.9643333333333|106.496243333333|519 AH1, Củ Chi, Hồ Chí Minh, Vietnam|519 AH1, Củ Chi, Hồ Chí Minh, Vietnam|16|16 m|9000|09
121|122|10.9643333333333|106.496243333333|10.964905|106.495108333333|519 AH1, Củ Chi, Hồ Chí Minh, Vietnam|519 AH1, Củ Chi, Hồ Chí Minh, Vietnam|139|0.1 km|20000|20
122|123|10.964905|106.495108333333|10.965755|106.492953333333|519 AH1, Củ Chi, Hồ Chí Minh, Vietnam|700 QL22, Củ Chi, Hồ Chí Minh, Vietnam|253|0.3 km|20000|20
123|124|10.965755|106.492953333333|10.966575|106.490798333333|700 QL22, Củ Chi, Hồ Chí Minh, Vietnam|700 QL22, Củ Chi, Hồ Chí Minh, Vietnam|252|0.3 km|20000|20
124|125|10.966575|106.490798333333|10.96744|106.488661666667|700 QL22, Củ Chi, Hồ Chí Minh, Vietnam|700 QL22, Củ Chi, Hồ Chí Minh, Vietnam|252|0.3 km|20000|20
125|126|10.96744|106.488661666667|10.96755|106.488395|700 QL22, Củ Chi, Hồ Chí Minh, Vietnam|700 QL22, Củ Chi, Hồ Chí Minh, Vietnam|32|32 m|9000|09
126|127|10.96755|106.488395|10.967585|106.488286666667|700 QL22, Củ Chi, Hồ Chí Minh, Vietnam|700 QL22, Củ Chi, Hồ Chí Minh, Vietnam|12|12 m|6000|06
127|128|10.967585|106.488286666667|10.9680216666667|106.486981666667|700 QL22, Củ Chi, Hồ Chí Minh, Vietnam|719-Quèc QL22, Củ Chi, Hồ Chí Minh, Vietnam|151|0.2 km|20000|20
128|129|10.9680216666667|106.486981666667|10.9685616666667|106.485768333333|719-Quèc QL22, Củ Chi, Hồ Chí Minh, Vietnam|719-Quèc QL22, Củ Chi, Hồ Chí Minh, Vietnam|146|0.1 km|20000|20
129|130|10.9685616666667|106.485768333333|10.9693666666667|106.484368333333|719-Quèc QL22, Củ Chi, Hồ Chí Minh, Vietnam|770 QL22, Củ Chi, Hồ Chí Minh, Vietnam|177|0.2 km|20000|20
130|131|10.9693666666667|106.484368333333|10.970315|106.483003333333|770 QL22, Củ Chi, Hồ Chí Minh, Vietnam|934 Xuyên Á, Khu phố 8, Tân An Hội, Củ Chi, Hồ Chí Minh, Vietnam|183|0.2 km|20000|20
131|132|10.970315|106.483003333333|10.9710166666667|106.48209|934 Xuyên Á, Khu phố 8, Tân An Hội, Củ Chi, Hồ Chí Minh, Vietnam|934 Xuyên Á, Khu phố 8, Tân An Hội, Củ Chi, Hồ Chí Minh, Vietnam|127|0.1 km|20000|20
132|133|10.9710166666667|106.48209|10.971345|106.482076666667|934 Xuyên Á, Khu phố 8, Tân An Hội, Củ Chi, Hồ Chí Minh, Vietnam|934 Xuyên Á, Khu phố 8, Tân An Hội, Củ Chi, Hồ Chí Minh, Vietnam|109|0.1 km|20000|20
