medium,medium,very low,high,low,onTime
low,very low,medium,medium,very low,onTime
medium,medium,high,low,very low,onTime
low,medium,high,low,very low,onTime
low,medium,low,very low,very low,onTime
low,low,low,low,very low,onTime
high,low,high,low,low,onTime
medium,low,medium,medium,very low,onTime
medium,very high,very low,low,low,onTime
high,high,low,low,medium,onTime
very high,medium,low,low,medium,onTime
low,very high,very low,medium,low,onTime
low,medium,very low,low,low,onTime
medium,medium,medium,low,very low,onTime
medium,low,low,high,very low,onTime
low,medium,low,medium,low,onTime
very low,very high,very low,low,low,onTime
low,low,medium,medium,low,onTime
low,medium,low,very low,very low,onTime
medium,high,low,low,medium,onTime
very low,very low,low,low,very low,onTime
low,low,medium,medium,very low,onTime
low,medium,high,low,very low,onTime
low,low,medium,very low,very low,onTime
low,low,medium,very low,very low,onTime
very low,low,very low,high,high,onTime
high,very low,low,high,low,onTime
low,medium,high,low,very low,onTime
low,very low,low,high,very low,onTime
low,very low,very low,high,medium,onTime
low,medium,low,low,medium,onTime
medium,high,medium,low,medium,onTime
low,low,very low,medium,medium,onTime
medium,very low,low,very high,very low,onTime
low,high,low,low,medium,onTime
low,high,low,low,low,onTime
medium,low,very low,high,medium,onTime
very low,low,medium,low,very low,onTime
very low,medium,low,very low,very low,onTime
low,very low,very low,high,medium,onTime
low,medium,low,high,low,onTime
low,medium,low,very low,low,onTime
low,low,low,medium,low,onTime
medium,very low,low,low,very low,onTime
medium,low,low,medium,medium,onTime
very low,low,very low,high,very high,onTime
medium,high,low,low,high,onTime
medium,low,medium,medium,very low,onTime
low,very low,medium,very low,low,onTime
low,high,medium,medium,very low,onTime
medium,medium,low,medium,very low,onTime
very low,low,medium,very low,very low,onTime
high,low,medium,low,very low,onTime
low,low,medium,very low,low,onTime
low,low,medium,low,low,onTime
very low,low,low,very low,very low,onTime
low,medium,low,high,very low,onTime
medium,medium,low,low,medium,onTime
medium,low,medium,low,low,onTime
low,very high,low,low,low,onTime
low,very high,low,low,very low,onTime
medium,medium,low,medium,low,onTime
high,low,high,low,very low,onTime
medium,high,low,low,high,onTime
low,high,high,low,very low,onTime
medium,high,very low,medium,very low,onTime
low,high,low,low,low,onTime
medium,medium,high,low,very low,onTime
low,very low,medium,high,very low,onTime
medium,low,low,medium,very low,onTime
low,very high,low,low,very low,onTime
very low,low,medium,medium,low,onTime
medium,low,high,low,very low,onTime
medium,medium,medium,medium,medium,onTime
very low,high,high,low,very low,onTime
medium,medium,low,medium,low,onTime
low,low,medium,low,very low,onTime
low,very high,medium,low,very low,onTime
high,low,high,low,low,onTime
medium,medium,high,low,low,onTime
very low,high,low,very low,very low,onTime
medium,low,high,low,very low,onTime
very low,medium,low,very low,very low,onTime
very low,low,high,very low,very low,onTime
medium,very low,medium,medium,low,onTime
medium,medium,medium,low,very low,onTime
medium,low,high,medium,very low,onTime
low,medium,medium,very low,very low,onTime
medium,low,low,low,very low,onTime
very low,medium,very low,low,very low,onTime
low,medium,medium,low,very low,onTime
medium,medium,high,low,very low,onTime
medium,medium,high,low,low,onTime
low,medium,low,medium,very low,onTime
medium,medium,medium,medium,very low,onTime
medium,low,medium,medium,very low,onTime
very low,very low,very low,high,high,onTime
low,very high,medium,very low,very low,onTime
low,high,high,very low,very low,onTime
medium,medium,low,medium,low,onTime
medium,medium,low,high,very low,onTime
high,low,medium,medium,low,onTime
low,low,medium,medium,very low,onTime
very low,low,medium,high,very low,onTime
low,low,low,high,very low,onTime
very low,medium,medium,very low,very low,onTime
medium,high,medium,low,low,onTime
low,low,low,very low,low,onTime
low,very low,medium,very low,very low,onTime
low,medium,low,very low,very low,onTime
medium,low,low,medium,low,onTime
low,medium,low,medium,medium,onTime
low,low,high,low,very low,onTime
medium,medium,medium,low,high,onTime
high,medium,low,medium,very low,onTime
very low,medium,low,very low,low,onTime
low,high,low,very low,very low,onTime
medium,low,medium,low,very low,onTime
low,medium,medium,medium,very low,onTime
very low,high,low,very low,very low,onTime
medium,very low,low,low,low,onTime
medium,medium,medium,medium,very low,onTime
high,low,low,medium,high,onTime
low,very low,very low,medium,very low,onTime
medium,medium,low,high,very low,onTime
very low,low,medium,very low,very low,onTime
low,medium,low,very low,very low,onTime
very low,very low,medium,very low,very low,onTime
medium,low,low,very low,very low,onTime
low,medium,low,medium,very low,onTime
medium,low,high,low,very low,onTime
medium,low,high,medium,very low,onTime
medium,low,low,medium,low,onTime
medium,low,medium,medium,very low,onTime
medium,medium,medium,low,low,onTime
medium,high,low,low,low,onTime
high,low,low,high,very low,onTime
very low,low,low,very low,very low,onTime
medium,medium,low,medium,very low,onTime
high,high,very low,medium,low,onTime
low,high,low,low,low,onTime
medium,medium,low,medium,low,onTime
low,medium,medium,medium,low,onTime
very low,medium,low,low,very low,onTime
low,low,medium,low,very low,onTime
medium,low,medium,medium,very low,onTime
medium,low,medium,medium,low,onTime
low,high,very low,high,low,onTime
medium,medium,medium,medium,very low,onTime
high,low,medium,low,low,onTime
low,medium,low,very low,very low,onTime
low,medium,medium,very low,very low,onTime
medium,high,very low,medium,high,onTime
low,high,medium,medium,very low,onTime
very low,low,medium,very low,very low,onTime
low,medium,low,very low,low,onTime
low,high,medium,low,very low,onTime
medium,medium,high,low,low,onTime
low,high,low,low,medium,onTime
low,medium,medium,low,low,onTime
low,high,very low,low,very low,onTime
low,high,medium,very low,medium,onTime
medium,medium,low,high,low,onTime
very low,high,low,very low,very low,onTime
medium,low,medium,medium,very low,onTime
medium,very high,low,low,low,onTime
medium,medium,low,medium,very low,onTime
high,low,medium,medium,low,onTime
low,very low,medium,very low,low,onTime
low,low,low,very low,very low,onTime
medium,medium,low,high,low,onTime
low,low,low,low,low,onTime
low,medium,low,medium,very low,onTime
low,high,medium,medium,very low,onTime
low,low,low,low,very low,onTime
high,very low,low,medium,low,onTime
low,very low,high,low,low,onTime
medium,medium,low,low,high,onTime
low,high,low,medium,low,onTime
high,low,medium,low,low,onTime
medium,medium,low,high,medium,onTime
low,low,very high,very low,very low,onTime
very low,very low,medium,very low,very low,onTime
low,medium,high,low,very low,onTime
low,low,low,low,very low,onTime
medium,medium,low,medium,very low,onTime
low,high,medium,low,very low,onTime
medium,medium,medium,low,very low,onTime
medium,high,medium,very low,medium,onTime
low,low,low,low,very low,onTime
low,high,low,medium,very low,onTime
very low,very low,medium,high,very low,onTime
low,medium,medium,low,very low,onTime
low,high,low,medium,very low,onTime
medium,medium,medium,medium,low,onTime
very low,medium,medium,medium,very low,onTime
low,medium,medium,very low,very low,onTime
low,very low,medium,very low,very low,onTime
low,medium,high,low,very low,onTime
medium,low,very high,very low,very low,onTime
very low,very low,medium,low,very low,onTime
low,high,medium,low,low,onTime
low,medium,very low,high,very low,onTime
very low,low,low,low,very low,onTime
low,high,very high,very low,very low,onTime
low,high,medium,low,very low,onTime
low,high,medium,low,medium,onTime
medium,medium,high,very low,very low,onTime
medium,medium,very low,medium,high,onTime
high,high,very low,high,low,onTime
low,medium,very low,low,very low,onTime
low,medium,low,high,very low,onTime
medium,high,low,low,low,onTime
very low,very low,medium,very low,very low,onTime
very low,medium,medium,very low,very low,onTime
low,medium,medium,medium,very low,onTime
low,high,high,low,very low,onTime
low,high,medium,low,very low,onTime
low,low,high,medium,very low,onTime
medium,high,high,low,very low,onTime
low,high,medium,low,low,onTime
medium,low,high,low,very low,onTime
medium,medium,low,low,low,onTime
medium,medium,low,medium,very low,onTime
very low,medium,low,very low,very low,onTime
medium,medium,medium,low,low,onTime
low,low,high,medium,very low,onTime
medium,medium,medium,low,low,onTime
high,low,low,medium,low,onTime
very low,low,medium,low,very low,onTime
very low,low,medium,very low,very low,onTime
low,low,high,low,very low,onTime
medium,medium,medium,medium,very low,onTime
very low,low,low,low,very low,onTime
very low,low,low,very low,very low,onTime
low,low,very high,very low,very low,onTime
medium,very low,medium,high,very low,onTime
low,very high,medium,low,very low,onTime
medium,medium,medium,low,medium,onTime
low,low,low,low,very low,onTime
very low,low,medium,very low,very low,onTime
medium,high,low,low,low,onTime
low,medium,low,medium,very low,onTime
low,very high,medium,very low,medium,onTime
medium,low,medium,medium,very low,onTime
very low,low,medium,very low,very low,onTime
low,low,high,low,very low,onTime
low,high,low,low,medium,onTime
medium,very high,low,low,low,onTime
low,high,low,low,low,onTime
medium,medium,medium,low,very low,onTime
low,medium,very low,low,very low,onTime
low,low,medium,medium,very low,onTime
medium,very low,very high,low,low,onTime
very low,medium,low,very low,very low,onTime
high,medium,low,high,very low,onTime
medium,low,low,medium,very low,onTime
medium,very high,low,medium,low,onTime
medium,medium,high,low,very low,onTime
low,medium,high,low,low,onTime
low,medium,low,medium,medium,onTime
low,medium,high,low,very low,onTime
low,low,medium,very low,very low,onTime
low,low,very low,high,low,onTime
low,medium,low,low,very low,onTime
low,low,low,high,low,onTime
medium,high,medium,very low,low,onTime
high,low,medium,medium,very low,onTime
medium,medium,low,low,medium,onTime
medium,low,high,low,very low,onTime
medium,high,high,low,very low,onTime
low,very high,low,low,low,onTime
low,low,medium,very low,low,onTime
low,high,high,low,very low,onTime
low,medium,low,very low,very low,onTime
low,medium,high,low,very low,onTime
medium,high,low,low,low,onTime
medium,low,high,low,very low,onTime
medium,low,low,very low,very low,onTime
medium,high,medium,low,low,onTime
low,medium,low,very low,very low,onTime
very low,medium,medium,low,high,onTime
very low,medium,medium,very low,very low,onTime
low,low,high,low,very low,onTime
medium,medium,medium,medium,very low,onTime
very low,very low,very low,very high,low,onTime
very low,low,low,low,very low,onTime
low,medium,high,low,very low,onTime
medium,medium,medium,medium,very low,onTime
low,very high,low,medium,very low,onTime
medium,high,low,low,low,onTime
medium,high,low,low,low,onTime
low,very high,medium,very low,low,onTime
low,medium,low,low,low,onTime
low,very low,very low,high,low,onTime
very low,low,low,low,very low,onTime
medium,low,low,high,very low,onTime
low,low,medium,low,high,onTime
low,very high,low,low,low,onTime
medium,low,medium,medium,very low,onTime
low,very low,low,high,low,onTime
low,low,low,very low,very low,onTime
medium,medium,high,medium,very low,onTime
medium,low,medium,medium,very low,onTime
low,medium,medium,low,medium,onTime
medium,medium,low,high,very low,onTime
medium,low,high,low,very low,onTime
medium,medium,medium,medium,low,onTime
low,low,high,low,low,onTime
low,very high,very low,medium,low,onTime
medium,medium,medium,medium,very low,onTime
low,very high,low,low,low,onTime
medium,medium,medium,very low,high,onTime
medium,medium,high,low,very low,onTime
low,low,medium,medium,low,onTime
low,low,low,low,very low,onTime
low,medium,medium,medium,very low,onTime
very high,medium,low,high,very low,lateTime
very high,medium,low,low,very low,lateTime
high,low,medium,medium,very low,lateTime
very high,very low,very low,low,medium,lateTime
high,high,medium,medium,very low,lateTime
low,very high,high,very low,very low,lateTime
medium,medium,high,low,very low,lateTime
very high,medium,medium,medium,very low,lateTime
medium,very high,low,medium,very low,lateTime
medium,medium,low,very low,very low,lateTime
medium,high,high,low,very low,lateTime
high,medium,high,medium,very low,lateTime
medium,medium,low,high,very low,lateTime
high,high,low,medium,very low,lateTime
high,very high,medium,low,very low,lateTime
very high,high,low,medium,low,lateTime
high,medium,low,low,very low,lateTime
medium,high,medium,very low,high,lateTime
high,high,very low,high,medium,lateTime
medium,high,low,very low,very low,lateTime
medium,medium,medium,medium,very low,lateTime
very high,medium,low,medium,very low,lateTime
very high,low,medium,low,very low,lateTime
very high,high,low,medium,very low,lateTime
high,high,very low,medium,medium,lateTime
very high,medium,low,medium,very low,lateTime
high,medium,low,high,very low,lateTime
medium,high,medium,very low,very low,lateTime
very high,low,low,low,low,lateTime
low,low,low,very low,very low,lateTime
medium,medium,low,very low,very low,lateTime
medium,very high,medium,low,very low,lateTime
high,low,high,medium,low,lateTime
medium,medium,high,low,very low,lateTime
