0|1|10.9714233333333|106.481771666667|10.9714233333333|106.481771666667|934 Xuyên Á, Khu phố 8, Tân An Hội, Củ Chi, Hồ Chí Minh, Vietnam|934 Xuyên Á, Khu phố 8, Tân An Hội, Củ Chi, Hồ Chí Minh, Vietnam|0|1 m|2000|02
1|2|10.9714233333333|106.481771666667|10.97128|106.48167|934 Xuyên Á, Khu phố 8, Tân An Hội, Củ Chi, Hồ Chí Minh, Vietnam|934 Xuyên Á, Khu phố 8, Tân An Hội, Củ Chi, Hồ Chí Minh, Vietnam|710|0.7 km|21000|21
2|3|10.97128|106.48167|10.97125|106.481686666667|934 Xuyên Á, Khu phố 8, Tân An Hội, Củ Chi, Hồ Chí Minh, Vietnam|934 Xuyên Á, Khu phố 8, Tân An Hội, Củ Chi, Hồ Chí Minh, Vietnam|0|1 m|1000|01
3|4|10.97125|106.481686666667|10.9707766666667|106.482106666667|934 Xuyên Á, Khu phố 8, Tân An Hội, Củ Chi, Hồ Chí Minh, Vietnam|934 Xuyên Á, Khu phố 8, Tân An Hội, Củ Chi, Hồ Chí Minh, Vietnam|71|71 m|19000|19
4|5|10.9707766666667|106.482106666667|10.9705233333333|106.48237|934 Xuyên Á, Khu phố 8, Tân An Hội, Củ Chi, Hồ Chí Minh, Vietnam|934 Xuyên Á, Khu phố 8, Tân An Hội, Củ Chi, Hồ Chí Minh, Vietnam|40|40 m|20000|20
5|6|10.9705233333333|106.48237|10.9701|106.483071666667|934 Xuyên Á, Khu phố 8, Tân An Hội, Củ Chi, Hồ Chí Minh, Vietnam|770/1 QL22, Củ Chi, Hồ Chí Minh, Vietnam|89|89 m|21000|21
6|7|10.9701|106.483071666667|10.9693633333333|106.484173333333|770/1 QL22, Củ Chi, Hồ Chí Minh, Vietnam|770 QL22, Củ Chi, Hồ Chí Minh, Vietnam|143|0.1 km|20000|20
7|8|10.9693633333333|106.484173333333|10.9685216666667|106.485415|770 QL22, Củ Chi, Hồ Chí Minh, Vietnam|719-Quèc QL22, Củ Chi, Hồ Chí Minh, Vietnam|165|0.2 km|20000|20
8|9|10.9685216666667|106.485415|10.9679783333333|106.48653|719-Quèc QL22, Củ Chi, Hồ Chí Minh, Vietnam|719-Quèc QL22, Củ Chi, Hồ Chí Minh, Vietnam|139|0.1 km|20000|20
9|10|10.9679783333333|106.48653|10.967545|106.48789|719-Quèc QL22, Củ Chi, Hồ Chí Minh, Vietnam|700 QL22, Củ Chi, Hồ Chí Minh, Vietnam|156|0.2 km|20000|20
10|11|10.967545|106.48789|10.967115|106.489118333333|700 QL22, Củ Chi, Hồ Chí Minh, Vietnam|700 QL22, Củ Chi, Hồ Chí Minh, Vietnam|143|0.1 km|20000|20
11|12|10.967115|106.489118333333|10.9665866666667|106.49048|700 QL22, Củ Chi, Hồ Chí Minh, Vietnam|519 AH1, Củ Chi, Hồ Chí Minh, Vietnam|160|0.2 km|20000|20
12|13|10.9665866666667|106.49048|10.9659733333333|106.49204|519 AH1, Củ Chi, Hồ Chí Minh, Vietnam|519 AH1, Củ Chi, Hồ Chí Minh, Vietnam|183|0.2 km|20000|20
13|14|10.9659733333333|106.49204|10.9653866666667|106.493538333333|519 AH1, Củ Chi, Hồ Chí Minh, Vietnam|700 QL22, Củ Chi, Hồ Chí Minh, Vietnam|176|0.2 km|20000|20
14|15|10.9653866666667|106.493538333333|10.9648333333333|106.4949|700 QL22, Củ Chi, Hồ Chí Minh, Vietnam|519 AH1, Củ Chi, Hồ Chí Minh, Vietnam|161|0.2 km|20000|20
15|16|10.9648333333333|106.4949|10.9643883333333|106.495835|519 AH1, Củ Chi, Hồ Chí Minh, Vietnam|519 AH1, Củ Chi, Hồ Chí Minh, Vietnam|116|0.1 km|20000|20
16|17|10.9643883333333|106.495835|10.963675|106.497103333333|519 AH1, Củ Chi, Hồ Chí Minh, Vietnam|519 AH1, Củ Chi, Hồ Chí Minh, Vietnam|168|0.2 km|20000|20
17|18|10.963675|106.497103333333|10.9628383333333|106.498573333333|519 AH1, Củ Chi, Hồ Chí Minh, Vietnam|519 AH1, Củ Chi, Hồ Chí Minh, Vietnam|186|0.2 km|20000|20
18|19|10.9628383333333|106.498573333333|10.9619366666667|106.500115|519 AH1, Củ Chi, Hồ Chí Minh, Vietnam|500 QL22, Củ Chi, Hồ Chí Minh, Vietnam|196|0.2 km|20000|20
19|20|10.9619366666667|106.500115|10.961105|106.501538333333|500 QL22, Củ Chi, Hồ Chí Minh, Vietnam|500 QL22, Củ Chi, Hồ Chí Minh, Vietnam|181|0.2 km|20000|20
20|21|10.961105|106.501538333333|10.9605266666667|106.502598333333|500 QL22, Củ Chi, Hồ Chí Minh, Vietnam|500 QL22, Củ Chi, Hồ Chí Minh, Vietnam|132|0.1 km|20000|20
21|22|10.9605266666667|106.502598333333|10.9602883333333|106.503|500 QL22, Củ Chi, Hồ Chí Minh, Vietnam|500 QL22, Củ Chi, Hồ Chí Minh, Vietnam|62|62 m|7000|07
22|23|10.9602883333333|106.503|10.9601883333333|106.503176666667|500 QL22, Củ Chi, Hồ Chí Minh, Vietnam|500 QL22, Củ Chi, Hồ Chí Minh, Vietnam|27|27 m|8000|08
23|24|10.9601883333333|106.503176666667|10.9601883333333|106.50325|500 QL22, Củ Chi, Hồ Chí Minh, Vietnam|500 QL22, Củ Chi, Hồ Chí Minh, Vietnam|7|7 m|10000|10
24|25|10.9601883333333|106.50325|10.9596116666667|106.504371666667|500 QL22, Củ Chi, Hồ Chí Minh, Vietnam|500 QL22, Củ Chi, Hồ Chí Minh, Vietnam|138|0.1 km|20000|20
25|26|10.9596116666667|106.504371666667|10.959155|106.505235|500 QL22, Củ Chi, Hồ Chí Minh, Vietnam|500 QL22, Củ Chi, Hồ Chí Minh, Vietnam|107|0.1 km|16000|16
26|27|10.959155|106.505235|10.958975|106.505563333333|500 QL22, Củ Chi, Hồ Chí Minh, Vietnam|Xuyên Á, Tân Thông Hội, Củ Chi, Hồ Chí Minh, Vietnam|41|41 m|11000|11
27|28|10.958975|106.505563333333|10.9589466666667|106.505641666667|Xuyên Á, Tân Thông Hội, Củ Chi, Hồ Chí Minh, Vietnam|Xuyên Á, Tân Thông Hội, Củ Chi, Hồ Chí Minh, Vietnam|9|9 m|20000|20
28|29|10.9589466666667|106.505641666667|10.95892|106.505696666667|Xuyên Á, Tân Thông Hội, Củ Chi, Hồ Chí Minh, Vietnam|Xuyên Á, Tân Thông Hội, Củ Chi, Hồ Chí Minh, Vietnam|7|7 m|2000|02
29|30|10.95892|106.505696666667|10.9583216666667|106.50689|Xuyên Á, Tân Thông Hội, Củ Chi, Hồ Chí Minh, Vietnam|Xuyên Á, Tân Thông Hội, Củ Chi, Hồ Chí Minh, Vietnam|146|0.1 km|20000|20
30|31|10.9583216666667|106.50689|10.9574683333333|106.50855|Xuyên Á, Tân Thông Hội, Củ Chi, Hồ Chí Minh, Vietnam|Xuyên Á, Tân Thông Hội, Củ Chi, Hồ Chí Minh, Vietnam|205|0.2 km|20000|20
31|32|10.9574683333333|106.50855|10.9567533333333|106.50993|Xuyên Á, Tân Thông Hội, Củ Chi, Hồ Chí Minh, Vietnam|Xuyên Á, Tân Thông Hội, Củ Chi, Hồ Chí Minh, Vietnam|171|0.2 km|20000|20
32|33|10.9567533333333|106.50993|10.9560283333333|106.51115|Xuyên Á, Tân Thông Hội, Củ Chi, Hồ Chí Minh, Vietnam|Xuyên Á, Tân Thông Hội, Củ Chi, Hồ Chí Minh, Vietnam|156|0.2 km|20000|20
33|34|10.9560283333333|106.51115|10.9552166666667|106.51234|Xuyên Á, Tân Thông Hội, Củ Chi, Hồ Chí Minh, Vietnam|126 QL22, Tân Thông Hội, Củ Chi, Hồ Chí Minh, Vietnam|158|0.2 km|20000|20
34|35|10.9552166666667|106.51234|10.9545283333333|106.513331666667|126 QL22, Tân Thông Hội, Củ Chi, Hồ Chí Minh, Vietnam|126 QL22, Tân Thông Hội, Củ Chi, Hồ Chí Minh, Vietnam|133|0.1 km|20000|20
35|36|10.9545283333333|106.513331666667|10.9544416666667|106.513463333333|126 QL22, Tân Thông Hội, Củ Chi, Hồ Chí Minh, Vietnam|126 QL22, Tân Thông Hội, Củ Chi, Hồ Chí Minh, Vietnam|17|17 m|6000|06
36|37|10.9544416666667|106.513463333333|10.9543883333333|106.513575|126 QL22, Tân Thông Hội, Củ Chi, Hồ Chí Minh, Vietnam|126 QL22, Tân Thông Hội, Củ Chi, Hồ Chí Minh, Vietnam|13|13 m|5000|05
37|38|10.9543883333333|106.513575|10.9537183333333|106.51454|126 QL22, Tân Thông Hội, Củ Chi, Hồ Chí Minh, Vietnam|126 QL22, Tân Thông Hội, Củ Chi, Hồ Chí Minh, Vietnam|129|0.1 km|20000|20
38|39|10.9537183333333|106.51454|10.9528583333333|106.515808333333|126 QL22, Tân Thông Hội, Củ Chi, Hồ Chí Minh, Vietnam|126 QL22, Tân Thông Hội, Củ Chi, Hồ Chí Minh, Vietnam|168|0.2 km|20000|20
39|40|10.9528583333333|106.515808333333|10.9518833333333|106.517243333333|126 QL22, Tân Thông Hội, Củ Chi, Hồ Chí Minh, Vietnam|126 QL22, Tân Thông Hội, Củ Chi, Hồ Chí Minh, Vietnam|190|0.2 km|20000|20
40|41|10.9518833333333|106.517243333333|10.9509866666667|106.518548333333|126 QL22, Tân Thông Hội, Củ Chi, Hồ Chí Minh, Vietnam|126 QL22, Tân Thông Hội, Củ Chi, Hồ Chí Minh, Vietnam|174|0.2 km|20000|20
41|42|10.9509866666667|106.518548333333|10.9500966666667|106.519898333333|126 QL22, Tân Thông Hội, Củ Chi, Hồ Chí Minh, Vietnam|126 QL22, Tân Thông Hội, Củ Chi, Hồ Chí Minh, Vietnam|178|0.2 km|20000|20
42|43|10.9500966666667|106.519898333333|10.9490333333333|106.521471666667|126 QL22, Tân Thông Hội, Củ Chi, Hồ Chí Minh, Vietnam|114 QL22, Tân Thông Hội, Củ Chi, Hồ Chí Minh, Vietnam|209|0.2 km|20000|20
43|44|10.9490333333333|106.521471666667|10.9481433333333|106.522725|114 QL22, Tân Thông Hội, Củ Chi, Hồ Chí Minh, Vietnam|114 QL22, Tân Thông Hội, Củ Chi, Hồ Chí Minh, Vietnam|169|0.2 km|20000|20
44|45|10.9481433333333|106.522725|10.94772|106.523318333333|114 QL22, Tân Thông Hội, Củ Chi, Hồ Chí Minh, Vietnam|114 QL22, Tân Thông Hội, Củ Chi, Hồ Chí Minh, Vietnam|80|80 m|20000|20
45|46|10.94772|106.523318333333|10.947625|106.523465|114 QL22, Tân Thông Hội, Củ Chi, Hồ Chí Minh, Vietnam|114 QL22, Tân Thông Hội, Củ Chi, Hồ Chí Minh, Vietnam|19|19 m|13000|13
46|47|10.947625|106.523465|10.947625|106.523465|114 QL22, Tân Thông Hội, Củ Chi, Hồ Chí Minh, Vietnam|114 QL22, Tân Thông Hội, Củ Chi, Hồ Chí Minh, Vietnam|0|1 m|20000|20
47|48|10.947625|106.523465|10.947595|106.523563333333|114 QL22, Tân Thông Hội, Củ Chi, Hồ Chí Minh, Vietnam|114 QL22, Tân Thông Hội, Củ Chi, Hồ Chí Minh, Vietnam|11|11 m|20000|20
48|49|10.947595|106.523563333333|10.9475433333333|106.523638333333|114 QL22, Tân Thông Hội, Củ Chi, Hồ Chí Minh, Vietnam|114 QL22, Tân Thông Hội, Củ Chi, Hồ Chí Minh, Vietnam|10|10 m|2000|02
49|50|10.9475433333333|106.523638333333|10.9467883333333|106.524738333333|101 Lê Minh Nhựt, Tân Thông Hội, Củ Chi, Hồ Chí Minh, Vietnam|114 QL22, Tân Thông Hội, Củ Chi, Hồ Chí Minh, Vietnam|144|0.1 km|20000|20
50|51|10.9467883333333|106.524738333333|10.9458833333333|106.526516666667|114 QL22, Tân Thông Hội, Củ Chi, Hồ Chí Minh, Vietnam|Xuyên Á, Tân Thông Hội, Củ Chi, Hồ Chí Minh, Vietnam|218|0.2 km|20000|20
51|52|10.9458833333333|106.526516666667|10.9450116666667|106.528296666667|Xuyên Á, Tân Thông Hội, Củ Chi, Hồ Chí Minh, Vietnam|Xuyên Á, Củ Chi, Hồ Chí Minh, Vietnam|217|0.2 km|20000|20
52|53|10.9450116666667|106.528296666667|10.944175|106.530031666667|Xuyên Á, Củ Chi, Hồ Chí Minh, Vietnam|Xuyên Á, Củ Chi, Hồ Chí Minh, Vietnam|211|0.2 km|20000|20
53|54|10.944175|106.530031666667|10.9434283333333|106.531591666667|Xuyên Á, Củ Chi, Hồ Chí Minh, Vietnam|Xuyên Á, Tân Phú Trung, Củ Chi, Hồ Chí Minh, Vietnam|189|0.2 km|20000|20
54|55|10.9434283333333|106.531591666667|10.94265|106.5332|Xuyên Á, Tân Phú Trung, Củ Chi, Hồ Chí Minh, Vietnam|Xuyên Á, Tân Phú Trung, Củ Chi, Hồ Chí Minh, Vietnam|196|0.2 km|20000|20
55|56|10.94265|106.5332|10.941795|106.534963333333|Xuyên Á, Tân Phú Trung, Củ Chi, Hồ Chí Minh, Vietnam|Xuyên Á, Tân Phú Trung, Củ Chi, Hồ Chí Minh, Vietnam|215|0.2 km|20000|20
56|57|10.941795|106.534963333333|10.9408983333333|106.53681|Xuyên Á, Tân Phú Trung, Củ Chi, Hồ Chí Minh, Vietnam|Xuyên Á, Tân Phú Trung, Củ Chi, Hồ Chí Minh, Vietnam|225|0.2 km|20000|20
57|58|10.9408983333333|106.53681|10.9399483333333|106.538788333333|Xuyên Á, Tân Phú Trung, Củ Chi, Hồ Chí Minh, Vietnam|Xuyên Á, Tân Phú Trung, Củ Chi, Hồ Chí Minh, Vietnam|241|0.2 km|20000|20
58|59|10.9399483333333|106.538788333333|10.9391733333333|106.540283333333|Xuyên Á, Tân Phú Trung, Củ Chi, Hồ Chí Minh, Vietnam|280 Xuyên Á, Tân Phú Trung, Củ Chi, Hồ Chí Minh, Vietnam|184|0.2 km|20000|20
59|60|10.9391733333333|106.540283333333|10.9391566666667|106.54032|280 Xuyên Á, Tân Phú Trung, Củ Chi, Hồ Chí Minh, Vietnam|280 Xuyên Á, Tân Phú Trung, Củ Chi, Hồ Chí Minh, Vietnam|4|4 m|4000|04
60|61|10.9391566666667|106.54032|10.93911|106.540428333333|280 Xuyên Á, Tân Phú Trung, Củ Chi, Hồ Chí Minh, Vietnam|280 Xuyên Á, Tân Phú Trung, Củ Chi, Hồ Chí Minh, Vietnam|13|13 m|8000|08
61|62|10.93911|106.540428333333|10.9386066666667|106.541555|280 Xuyên Á, Tân Phú Trung, Củ Chi, Hồ Chí Minh, Vietnam|280 Xuyên Á, Tân Phú Trung, Củ Chi, Hồ Chí Minh, Vietnam|135|0.1 km|20000|20
62|63|10.9386066666667|106.541555|10.9377966666667|106.543225|280 Xuyên Á, Tân Phú Trung, Củ Chi, Hồ Chí Minh, Vietnam|280 Xuyên Á, Tân Phú Trung, Củ Chi, Hồ Chí Minh, Vietnam|203|0.2 km|20000|20
63|64|10.9377966666667|106.543225|10.936765|106.545368333333|280 Xuyên Á, Tân Phú Trung, Củ Chi, Hồ Chí Minh, Vietnam|280 Xuyên Á, Tân Phú Trung, Củ Chi, Hồ Chí Minh, Vietnam|261|0.3 km|20000|20
64|65|10.936765|106.545368333333|10.935545|106.547888333333|280 Xuyên Á, Tân Phú Trung, Củ Chi, Hồ Chí Minh, Vietnam|59 QL22, Tân Phú Trung, Củ Chi, Hồ Chí Minh, Vietnam|307|0.3 km|20000|20
65|66|10.935545|106.547888333333|10.9348766666667|106.549213333333|59 QL22, Tân Phú Trung, Củ Chi, Hồ Chí Minh, Vietnam|59 QL22, Tân Phú Trung, Củ Chi, Hồ Chí Minh, Vietnam|163|0.2 km|20000|20
66|67|10.9348766666667|106.549213333333|10.934495|106.549916666667|59 QL22, Tân Phú Trung, Củ Chi, Hồ Chí Minh, Vietnam|59 QL22, Tân Phú Trung, Củ Chi, Hồ Chí Minh, Vietnam|88|88 m|20000|20
67|68|10.934495|106.549916666667|10.93381|106.551041666667|59 QL22, Tân Phú Trung, Củ Chi, Hồ Chí Minh, Vietnam|59 QL22, Tân Phú Trung, Củ Chi, Hồ Chí Minh, Vietnam|146|0.1 km|20000|20
68|69|10.93381|106.551041666667|10.931905|106.552895|59 QL22, Tân Phú Trung, Củ Chi, Hồ Chí Minh, Vietnam|59 QL22, Tân Phú Trung, Củ Chi, Hồ Chí Minh, Vietnam|294|0.3 km|20000|20
69|70|10.931905|106.552895|10.93159|106.553141666667|59 QL22, Tân Phú Trung, Củ Chi, Hồ Chí Minh, Vietnam|59 QL22, Tân Phú Trung, Củ Chi, Hồ Chí Minh, Vietnam|44|44 m|8000|08
70|71|10.93159|106.553141666667|10.9314833333333|106.553255|59 QL22, Tân Phú Trung, Củ Chi, Hồ Chí Minh, Vietnam|59 QL22, Tân Phú Trung, Củ Chi, Hồ Chí Minh, Vietnam|17|17 m|11000|11
71|72|10.9314833333333|106.553255|10.9299133333333|106.554635|59 QL22, Tân Phú Trung, Củ Chi, Hồ Chí Minh, Vietnam|59 QL22, Tân Phú Trung, Củ Chi, Hồ Chí Minh, Vietnam|231|0.2 km|20000|20
72|73|10.9299133333333|106.554635|10.9275733333333|106.556395|59 QL22, Tân Phú Trung, Củ Chi, Hồ Chí Minh, Vietnam|59 QL22, Tân Phú Trung, Củ Chi, Hồ Chí Minh, Vietnam|324|0.3 km|20000|20
73|74|10.9275733333333|106.556395|10.9273566666667|106.556553333333|59 QL22, Tân Phú Trung, Củ Chi, Hồ Chí Minh, Vietnam|59 QL22, Tân Phú Trung, Củ Chi, Hồ Chí Minh, Vietnam|30|30 m|3000|03
74|75|10.9273566666667|106.556553333333|10.9271833333333|106.55667|59 QL22, Tân Phú Trung, Củ Chi, Hồ Chí Minh, Vietnam|59 QL22, Tân Phú Trung, Củ Chi, Hồ Chí Minh, Vietnam|23|23 m|7000|07
75|76|10.9271833333333|106.55667|10.927155|106.556693333333|59 QL22, Tân Phú Trung, Củ Chi, Hồ Chí Minh, Vietnam|59 QL22, Tân Phú Trung, Củ Chi, Hồ Chí Minh, Vietnam|4|4 m|20000|20
76|77|10.927155|106.556693333333|10.9270983333333|106.55673|59 QL22, Tân Phú Trung, Củ Chi, Hồ Chí Minh, Vietnam|59 QL22, Tân Phú Trung, Củ Chi, Hồ Chí Minh, Vietnam|7|7 m|2000|02
77|78|10.9270983333333|106.55673|10.9262683333333|106.557296666667|59 QL22, Tân Phú Trung, Củ Chi, Hồ Chí Minh, Vietnam|59 QL22, Tân Phú Trung, Củ Chi, Hồ Chí Minh, Vietnam|119|0.1 km|20000|20
78|79|10.9262683333333|106.557296666667|10.9262683333333|106.557296666667|59 QL22, Tân Phú Trung, Củ Chi, Hồ Chí Minh, Vietnam|59 QL22, Tân Phú Trung, Củ Chi, Hồ Chí Minh, Vietnam|0|1 m|1000|01
79|80|10.9262683333333|106.557296666667|10.92617|106.557361666667|59 QL22, Tân Phú Trung, Củ Chi, Hồ Chí Minh, Vietnam|59 QL22, Tân Phú Trung, Củ Chi, Hồ Chí Minh, Vietnam|13|13 m|6000|06
80|81|10.92617|106.557361666667|10.9245716666667|106.558485|59 QL22, Tân Phú Trung, Củ Chi, Hồ Chí Minh, Vietnam|Xuyên Á, Tân Phú Trung, Củ Chi, Hồ Chí Minh, Vietnam|216|0.2 km|20000|20
81|82|10.9245716666667|106.558485|10.9219666666667|106.56031|Xuyên Á, Tân Phú Trung, Củ Chi, Hồ Chí Minh, Vietnam|Xuyên Á, Tân Phú Trung, Củ Chi, Hồ Chí Minh, Vietnam|352|0.4 km|20000|20
82|83|10.9219666666667|106.56031|10.9190716666667|106.56237|Xuyên Á, Tân Phú Trung, Củ Chi, Hồ Chí Minh, Vietnam|Xuyên Á, Tân Phú Trung, Củ Chi, Hồ Chí Minh, Vietnam|393|0.4 km|21000|21
83|84|10.9190716666667|106.56237|10.9168133333333|106.563905|Xuyên Á, Tân Phú Trung, Củ Chi, Hồ Chí Minh, Vietnam|Xuyên Á, Tân Thới Nhì, Hóc Môn, Hồ Chí Minh, Vietnam|302|0.3 km|20000|20
84|85|10.9168133333333|106.563905|10.9143433333333|106.565636666667|Xuyên Á, Tân Thới Nhì, Hóc Môn, Hồ Chí Minh, Vietnam|Xuyên Á, Tân Thới Nhì, Hóc Môn, Hồ Chí Minh, Vietnam|334|0.3 km|20000|20
85|86|10.9143433333333|106.565636666667|10.9119083333333|106.567338333333|Xuyên Á, Tân Thới Nhì, Hóc Môn, Hồ Chí Minh, Vietnam|Xuyên Á, Tân Thới Nhì, Hóc Môn, Hồ Chí Minh, Vietnam|328|0.3 km|20000|20
86|87|10.9119083333333|106.567338333333|10.90755|106.570375|Xuyên Á, Tân Thới Nhì, Hóc Môn, Hồ Chí Minh, Vietnam|Xuyên Á, Tân Thới Nhì, Hóc Môn, Hồ Chí Minh, Vietnam|587|0.6 km|40000|40
87|88|10.90755|106.570375|10.90509|106.57209|Xuyên Á, Tân Thới Nhì, Hóc Môn, Hồ Chí Minh, Vietnam|Xuyên Á, Tân Thới Nhì, Hóc Môn, Hồ Chí Minh, Vietnam|331|0.3 km|20000|20
88|89|10.90509|106.57209|10.9026966666667|106.5738|Xuyên Á, Tân Thới Nhì, Hóc Môn, Hồ Chí Minh, Vietnam|Xuyên Á, Tân Thới Nhì, Hóc Môn, Hồ Chí Minh, Vietnam|325|0.3 km|20000|20
89|90|10.9026966666667|106.5738|10.900955|106.57501|Xuyên Á, Tân Thới Nhì, Hóc Môn, Hồ Chí Minh, Vietnam|Xuyên Á, Tân Thới Nhì, Hóc Môn, Hồ Chí Minh, Vietnam|234|0.2 km|20000|20
90|91|10.900955|106.57501|10.9003116666667|106.575446666667|Xuyên Á, Tân Thới Nhì, Hóc Môn, Hồ Chí Minh, Vietnam|Xuyên Á, Tân Thới Nhì, Hóc Môn, Hồ Chí Minh, Vietnam|86|86 m|20000|20
91|92|10.9003116666667|106.575446666667|10.8995933333333|106.57593|Xuyên Á, Tân Thới Nhì, Hóc Môn, Hồ Chí Minh, Vietnam|Xuyên Á, Tân Thới Nhì, Hóc Môn, Hồ Chí Minh, Vietnam|96|0.1 km|15000|15
92|93|10.8995933333333|106.57593|10.899505|106.576013333333|Xuyên Á, Tân Thới Nhì, Hóc Môn, Hồ Chí Minh, Vietnam|Xuyên Á, Tân Thới Nhì, Hóc Môn, Hồ Chí Minh, Vietnam|13|13 m|7000|07
93|94|10.899505|106.576013333333|10.8980116666667|106.577081666667|Xuyên Á, Tân Thới Nhì, Hóc Môn, Hồ Chí Minh, Vietnam|Xuyên Á, Tân Thới Nhì, Hóc Môn, Hồ Chí Minh, Vietnam|203|0.2 km|20000|20
94|95|10.8980116666667|106.577081666667|10.8957883333333|106.578628333333|Xuyên Á, Tân Thới Nhì, Hóc Môn, Hồ Chí Minh, Vietnam|Xuyên Á, Tân Thới Nhì, Hóc Môn, Hồ Chí Minh, Vietnam|300|0.3 km|20000|20
95|96|10.8957883333333|106.578628333333|10.8936|106.580156666667|Xuyên Á, Tân Thới Nhì, Hóc Môn, Hồ Chí Minh, Vietnam|88/1B QL22, Hóc Môn, Hồ Chí Minh, Vietnam|295|0.3 km|20000|20
96|97|10.8936|106.580156666667|10.892175|106.581068333333|88/1B QL22, Hóc Môn, Hồ Chí Minh, Vietnam|88/1B QL22, Hóc Môn, Hồ Chí Minh, Vietnam|187|0.2 km|20000|20
97|98|10.892175|106.581068333333|10.8921616666667|106.581075|88/1B QL22, Hóc Môn, Hồ Chí Minh, Vietnam|88/1B QL22, Hóc Môn, Hồ Chí Minh, Vietnam|2|2 m|3000|03
98|99|10.8921616666667|106.581075|10.8920816666667|106.581156666667|88/1B QL22, Hóc Môn, Hồ Chí Minh, Vietnam|88/1B QL22, Hóc Môn, Hồ Chí Minh, Vietnam|12|12 m|12000|12
99|100|10.8920816666667|106.581156666667|10.890595|106.582255|88/1B QL22, Hóc Môn, Hồ Chí Minh, Vietnam|88/1B QL22, Hóc Môn, Hồ Chí Minh, Vietnam|204|0.2 km|20000|20
100|101|10.890595|106.582255|10.8882866666667|106.583893333333|88/1B QL22, Hóc Môn, Hồ Chí Minh, Vietnam|88/1B QL22, Hóc Môn, Hồ Chí Minh, Vietnam|2970|3.0 km|20000|20
101|102|10.8882866666667|106.583893333333|10.888045|106.58402|88/1B QL22, Hóc Môn, Hồ Chí Minh, Vietnam|88/1B QL22, Hóc Môn, Hồ Chí Minh, Vietnam|2401|2.4 km|6000|06
102|103|10.888045|106.58402|10.8879233333333|106.584133333333|88/1B QL22, Hóc Môn, Hồ Chí Minh, Vietnam|88/1B QL22, Hóc Môn, Hồ Chí Minh, Vietnam|18|18 m|14000|14
103|104|10.8879233333333|106.584133333333|10.8863566666667|106.58522|88/1B QL22, Hóc Môn, Hồ Chí Minh, Vietnam|88/1B QL22, Hóc Môn, Hồ Chí Minh, Vietnam|211|0.2 km|20000|20
104|105|10.8863566666667|106.58522|10.8846016666667|106.586448333333|88/1B QL22, Hóc Môn, Hồ Chí Minh, Vietnam|88/1B QL22, Hóc Môn, Hồ Chí Minh, Vietnam|237|0.2 km|20000|20
105|106|10.8846016666667|106.586448333333|10.8844183333333|106.586581666667|88/1B QL22, Hóc Môn, Hồ Chí Minh, Vietnam|88/1B QL22, Hóc Môn, Hồ Chí Minh, Vietnam|25|25 m|11000|11
106|107|10.8844183333333|106.586581666667|10.8844183333333|106.586581666667|88/1B QL22, Hóc Môn, Hồ Chí Minh, Vietnam|88/1B QL22, Hóc Môn, Hồ Chí Minh, Vietnam|0|1 m|20000|20
107|108|10.8844183333333|106.586581666667|10.8842966666667|106.586641666667|88/1B QL22, Hóc Môn, Hồ Chí Minh, Vietnam|88/1B QL22, Hóc Môn, Hồ Chí Minh, Vietnam|15|15 m|16000|16
108|109|10.8842966666667|106.586641666667|10.8834916666667|106.587176666667|88/1B QL22, Hóc Môn, Hồ Chí Minh, Vietnam|88/1B QL22, Hóc Môn, Hồ Chí Minh, Vietnam|107|0.1 km|20000|20
109|110|10.8834916666667|106.587176666667|10.8818316666667|106.588351666667|88/1B QL22, Hóc Môn, Hồ Chí Minh, Vietnam|27 QL22, Xuân Thới Đông, Hóc Môn, Hồ Chí Minh, Vietnam|225|0.2 km|20000|20
110|111|10.8818316666667|106.588351666667|10.8799766666667|106.589701666667|27 QL22, Xuân Thới Đông, Hóc Môn, Hồ Chí Minh, Vietnam|27 QL22, Xuân Thới Đông, Hóc Môn, Hồ Chí Minh, Vietnam|254|0.3 km|20000|20
111|112|10.8799766666667|106.589701666667|10.8785016666667|106.590746666667|27 QL22, Xuân Thới Đông, Hóc Môn, Hồ Chí Minh, Vietnam|27 QL22, Xuân Thới Đông, Hóc Môn, Hồ Chí Minh, Vietnam|200|0.2 km|20000|20
112|113|10.8785016666667|106.590746666667|10.877705|106.591301666667|27 QL22, Xuân Thới Đông, Hóc Môn, Hồ Chí Minh, Vietnam|27 QL22, Xuân Thới Đông, Hóc Môn, Hồ Chí Minh, Vietnam|107|0.1 km|20000|20
113|114|10.877705|106.591301666667|10.8758733333333|106.592621666667|27 QL22, Xuân Thới Đông, Hóc Môn, Hồ Chí Minh, Vietnam|27 Xuyên Á, Tân Xuân, Hóc Môn, Hồ Chí Minh, Vietnam|249|0.2 km|20000|20
114|115|10.8758733333333|106.592621666667|10.8738216666667|106.594076666667|27 Xuyên Á, Tân Xuân, Hóc Môn, Hồ Chí Minh, Vietnam|57 Xuyên Á, Tân Xuân, Hóc Môn, Hồ Chí Minh, Vietnam|278|0.3 km|20000|20
115|116|10.8738216666667|106.594076666667|10.871775|106.595533333333|57 Xuyên Á, Tân Xuân, Hóc Môn, Hồ Chí Minh, Vietnam|57 Xuyên Á, Tân Xuân, Hóc Môn, Hồ Chí Minh, Vietnam|278|0.3 km|20000|20
116|117|10.871775|106.595533333333|10.86996|106.596801666667|57 Xuyên Á, Tân Xuân, Hóc Môn, Hồ Chí Minh, Vietnam|58/6 QL22, Xuân Thới Đông, Hóc Môn, Hồ Chí Minh, Vietnam|245|0.2 km|20000|20
117|118|10.86996|106.596801666667|10.8676566666667|106.598475|58/6 QL22, Xuân Thới Đông, Hóc Môn, Hồ Chí Minh, Vietnam|1 Xuyên Á, Tân Xuân, Hóc Môn, Hồ Chí Minh, Vietnam|315|0.3 km|20000|20
118|119|10.8676566666667|106.598475|10.8648283333333|106.600443333333|1 Xuyên Á, Tân Xuân, Hóc Môn, Hồ Chí Minh, Vietnam|1 Xuyên Á, Tân Xuân, Hóc Môn, Hồ Chí Minh, Vietnam|381|0.4 km|20000|20
119|120|10.8648283333333|106.600443333333|10.8625516666667|106.602051666667|1 Xuyên Á, Tân Xuân, Hóc Môn, Hồ Chí Minh, Vietnam|Xuyên Á, Tân Xuân, Hóc Môn, Hồ Chí Minh, Vietnam|308|0.3 km|20000|20
120|121|10.8625516666667|106.602051666667|10.8616733333333|106.602656666667|Xuyên Á, Tân Xuân, Hóc Môn, Hồ Chí Minh, Vietnam|37/3 QL22, Trung Chánh, Xuân Thới Đông, Hóc Môn, Hồ Chí Minh, Vietnam|118|0.1 km|20000|20
121|122|10.8616733333333|106.602656666667|10.860395|106.603581666667|37/3 QL22, Trung Chánh, Xuân Thới Đông, Hóc Môn, Hồ Chí Minh, Vietnam|37/3 QL22, Trung Chánh, Xuân Thới Đông, Hóc Môn, Hồ Chí Minh, Vietnam|186|0.2 km|20000|20
122|123|10.860395|106.603581666667|10.85871|106.604795|37/3 QL22, Trung Chánh, Xuân Thới Đông, Hóc Môn, Hồ Chí Minh, Vietnam|Xuyên Á, Tân Xuân, Hóc Môn, Hồ Chí Minh, Vietnam|229|0.2 km|20000|20
123|124|10.85871|106.604795|10.8569566666667|106.606036666667|Xuyên Á, Tân Xuân, Hóc Môn, Hồ Chí Minh, Vietnam|Xuyên Á, Tân Xuân, Hóc Môn, Hồ Chí Minh, Vietnam|237|0.2 km|20000|20
124|125|10.8569566666667|106.606036666667|10.8556866666667|106.606861666667|Xuyên Á, Tân Xuân, Hóc Môn, Hồ Chí Minh, Vietnam|Xuyên Á, Bà Điểm, Hóc Môn, Hồ Chí Minh, Vietnam|174|0.2 km|20000|20
125|126|10.8556866666667|106.606861666667|10.855675|106.606868333333|Xuyên Á, Bà Điểm, Hóc Môn, Hồ Chí Minh, Vietnam|Xuyên Á, Bà Điểm, Hóc Môn, Hồ Chí Minh, Vietnam|1|1 m|4000|04
126|127|10.855675|106.606868333333|10.855675|106.606868333333|Xuyên Á, Bà Điểm, Hóc Môn, Hồ Chí Minh, Vietnam|Xuyên Á, Bà Điểm, Hóc Môn, Hồ Chí Minh, Vietnam|0|1 m|20000|20
127|128|10.855675|106.606868333333|10.855675|106.606868333333|Xuyên Á, Bà Điểm, Hóc Môn, Hồ Chí Minh, Vietnam|Xuyên Á, Bà Điểm, Hóc Môn, Hồ Chí Minh, Vietnam|0|1 m|20000|20
128|129|10.855675|106.606868333333|10.8556233333333|106.606896666667|Xuyên Á, Bà Điểm, Hóc Môn, Hồ Chí Minh, Vietnam|Xuyên Á, Bà Điểm, Hóc Môn, Hồ Chí Minh, Vietnam|7|7 m|20000|20
129|130|10.8556233333333|106.606896666667|10.8555333333333|106.606953333333|Xuyên Á, Bà Điểm, Hóc Môn, Hồ Chí Minh, Vietnam|Xuyên Á, Bà Điểm, Hóc Môn, Hồ Chí Minh, Vietnam|12|12 m|3000|03
130|131|10.8555333333333|106.606953333333|10.854525|106.607605|Xuyên Á, Bà Điểm, Hóc Môn, Hồ Chí Minh, Vietnam|193D QL22, Trung Mỹ Tây, Quận 12, Hồ Chí Minh, Vietnam|133|0.1 km|20000|20
131|132|10.854525|106.607605|10.8524533333333|106.608971666667|193D QL22, Trung Mỹ Tây, Quận 12, Hồ Chí Minh, Vietnam|29 Xuyên Á, Bà Điểm, Hóc Môn, Hồ Chí Minh, Vietnam|282|0.3 km|20000|20
132|133|10.8524533333333|106.608971666667|10.8497716666667|106.610701666667|29 Xuyên Á, Bà Điểm, Hóc Môn, Hồ Chí Minh, Vietnam|29 Xuyên Á, Bà Điểm, Hóc Môn, Hồ Chí Minh, Vietnam|353|0.4 km|20000|20
133|134|10.8497716666667|106.610701666667|10.8472866666667|106.612298333333|29 Xuyên Á, Bà Điểm, Hóc Môn, Hồ Chí Minh, Vietnam|166 QL22, Trung Mỹ Tây, Quận 12, Hồ Chí Minh, Vietnam|327|0.3 km|20000|20
134|135|10.8472866666667|106.612298333333|10.8456333333333|106.61336|166 QL22, Trung Mỹ Tây, Quận 12, Hồ Chí Minh, Vietnam|21A QL22, Trung Mỹ Tây, Quận 12, Hồ Chí Minh, Vietnam|217|0.2 km|20000|20
135|136|10.8456333333333|106.61336|10.84521|106.61358|21A QL22, Trung Mỹ Tây, Quận 12, Hồ Chí Minh, Vietnam|D11 QL22, Trung Mỹ Tây, Quận 12, Hồ Chí Minh, Vietnam|59|59 m|17000|17
136|137|10.84521|106.61358|10.8451766666667|106.613601666667|D11 QL22, Trung Mỹ Tây, Quận 12, Hồ Chí Minh, Vietnam|D11 QL22, Trung Mỹ Tây, Quận 12, Hồ Chí Minh, Vietnam|4|4 m|2000|02
137|138|10.8451766666667|106.613601666667|10.84513|106.61363|D11 QL22, Trung Mỹ Tây, Quận 12, Hồ Chí Minh, Vietnam|D11 QL22, Trung Mỹ Tây, Quận 12, Hồ Chí Minh, Vietnam|6|6 m|6000|06
138|139|10.84513|106.61363|10.844975|106.61368|D11 QL22, Trung Mỹ Tây, Quận 12, Hồ Chí Minh, Vietnam|6D QL22, Trung Mỹ Tây, Quận 12, Hồ Chí Minh, Vietnam|17|17 m|11000|11
139|140|10.844975|106.61368|10.844395|106.61399|6D QL22, Trung Mỹ Tây, Quận 12, Hồ Chí Minh, Vietnam|1B QL22, Trung Mỹ Tây, Quận 12, Hồ Chí Minh, Vietnam|69|69 m|20000|20
